areaID,region,subregion
1,Oceania,Australia and New Zealand
2,Americas,Caribbean
3,Americas,Central America
4,Asia,Central Asia
5,Africa,Eastern Africa
6,Asia,Eastern Asia
7,Europe,Eastern Europe
8,Oceania,Melanesia
9,Oceania,Micronesia
10,Africa,Middle Africa
11,Africa,Northern Africa
12,Americas,Northern America
13,Europe,Northern Europe
14,Oceania,Polynesia
15,Americas,South America
16,Asia,South-Eastern Asia
17,Africa,Southern Africa
18,Asia,Southern Asia
19,Europe,Southern Europe
20,Africa,Western Africa
21,Asia,Western Asia
22,Europe,Western Europe