AtheletID,event,country,name
1,  Alpine Skiing,AUS,Dominic DEMSCHAR
2, Alpine Skiing,AUS,Greta SMALL
3, Alpine Skiing,AUS,Harry LAIDLAW
4, Bobsleigh,AUS,David MARI
5, Bobsleigh,AUS,Hayden SMITH
6, Bobsleigh,AUS,Lachlan REIDY
7, Bobsleigh,AUS,Lucas MATA
8, Cross-Country Skiing,AUS,Aimee WATSON
9, Cross-Country Skiing,AUS,Barbara JEZERSEK
10, Cross-Country Skiing,AUS,Callum WATSON
11, Cross-Country Skiing,AUS,Casey WRIGHT
12, Cross-Country Skiing,AUS,Jessica YEATON
13, Cross-Country Skiing,AUS,Phillip BELLINGHAM
14, Figure Skating,AUS,Brendan KERRY
15, Figure Skating,AUS,Ekaterina ALEXANDROVSKAYA
16, Figure Skating,AUS,Harley WINDSOR
17, Figure Skating,AUS,Kailani CRAINE
18, Freestyle Skiing,AUS,Anton GRIMUS
19, Freestyle Skiing,AUS,Britteny COX
20, Freestyle Skiing,AUS,Brodie SUMMERS
21, Freestyle Skiing,AUS,Claudia GUELI
22, Freestyle Skiing,AUS,Danielle SCOTT
23, Freestyle Skiing,AUS,David MORRIS
24, Freestyle Skiing,AUS,Jakara ANTHONY
25, Freestyle Skiing,AUS,James MATHESON
26, Freestyle Skiing,AUS,Laura PEEL
27, Freestyle Skiing,AUS,Lydia LASSILA
28, Freestyle Skiing,AUS,Madii HIMBURY
29, Freestyle Skiing,AUS,Matt GRAHAM
30, Freestyle Skiing,AUS,Rohan CHAPMAN-DAVIES
31, Freestyle Skiing,AUS,Russell HENSHAW
32, Freestyle Skiing,AUS,Samantha WELLS
33, Freestyle Skiing,AUS,Sami KENNEDY-SIM
34, Luge,AUS,Alex FERLAZZO
35, Short Track Speed Skating,AUS,Andy JUNG
36, Short Track Speed Skating,AUS,Deanna LOCKETT
37, Skeleton,AUS,Jackie NARRACOTT
38, Skeleton,AUS,John FARROW
39, Snowboard,AUS,Adam LAMBERT
40, Snowboard,AUS,Alex PULLIN
41, Snowboard,AUS,Belle BROCKHOFF
42, Snowboard,AUS,Cameron BOLTON
43, Snowboard,AUS,Emily ARTHUR
44, Snowboard,AUS,Holly CRAWFORD
45, Snowboard,AUS,Jarryd HUGHES
46, Snowboard,AUS,Jessica RICH
47, Snowboard,AUS,Kent CALLISTER
48, Snowboard,AUS,Nathan JOHNSTONE
49, Snowboard,AUS,Scotty JAMES
50, Speed Skating,AUS,Daniel GREIG
51, Alpine Skiing,BRA,Michel MACEDO
52, Bobsleigh,BRA,Edson BINDILATTI
53, Bobsleigh,BRA,Edson Ricardo MARTINS
54, Bobsleigh,BRA,Odirlei PESSONI
55, Bobsleigh,BRA,Rafael SOUZA DA SILVA
56, Cross-Country Skiing,BRA,Jaqueline MOURAO
57, Cross-Country Skiing,BRA,Victor SANTOS
58, Figure Skating,BRA,Isadora WILLIAMS
59, Snowboard,BRA,Isabel CLARK RIBEIRO
60, Alpine Skiing,CAN,Benjamin THOMSEN
61, Alpine Skiing,CAN,Broderick THOMPSON
62, Alpine Skiing,CAN,Candace CRAWFORD
63, Alpine Skiing,CAN,Dustin COOK
64, Alpine Skiing,CAN,Erik READ
65, Alpine Skiing,CAN,Erin MIELZYNSKI
66, Alpine Skiing,CAN,James CRAWFORD
67, Alpine Skiing,CAN,Laurence ST-GERMAIN
68, Alpine Skiing,CAN,Manuel OSBORNE-PARADIS
69, Alpine Skiing,CAN,Phil BROWN
70, Alpine Skiing,CAN,Roni REMME
71, Alpine Skiing,CAN,Trevor PHILP
72, Alpine Skiing,CAN,Valerie GRENIER
73, Biathlon,CAN,Brendan GREEN
74, Biathlon,CAN,Christian GOW
75, Biathlon,CAN,Emma LUNDER
76, Biathlon,CAN,Julia RANSOM
77, Biathlon,CAN,Macx DAVIES
78, Biathlon,CAN,Megan TANDY
79, Biathlon,CAN,Nathan SMITH
80, Biathlon,CAN,Rosanna CRAWFORD
81, Biathlon,CAN,Sarah BEAUDRY
82, Biathlon,CAN,Scott GOW
83, Bobsleigh,CAN,Alexander KOPACZ
84, Bobsleigh,CAN,Alysia RISSLING
85, Bobsleigh,CAN,Ben COAKWELL
86, Bobsleigh,CAN,Bryan BARNETT
87, Bobsleigh,CAN,Cameron STONES
88, Bobsleigh,CAN,Christine DE BRUIN
89, Bobsleigh,CAN,Christopher SPRING
90, Bobsleigh,CAN,Heather MOYSE
91, Bobsleigh,CAN,Jesse LUMSDEN
92, Bobsleigh,CAN,Joshua KIRKPATRICK
93, Bobsleigh,CAN,Justin KRIPPS
94, Bobsleigh,CAN,Kaillie HUMPHRIES
95, Bobsleigh,CAN,Lascelles BROWN
96, Bobsleigh,CAN,Melissa LOTHOLZ
97, Bobsleigh,CAN,Neville WRIGHT
98, Bobsleigh,CAN,Nick POLONIATO
99, Bobsleigh,CAN,Oluseyi SMITH
100, Bobsleigh,CAN,Phylicia GEORGE
101, Cross-Country Skiing,CAN,Alex HARVEY
102, Cross-Country Skiing,CAN,Anne-Marie COMEAU
103, Cross-Country Skiing,CAN,Cendrine BROWNE
104, Cross-Country Skiing,CAN,Dahria BEATTY
105, Cross-Country Skiing,CAN,Devon KERSHAW
106, Cross-Country Skiing,CAN,Emily NISHIKAWA
107, Cross-Country Skiing,CAN,Graeme KILLICK
108, Cross-Country Skiing,CAN,Jesse COCKNEY
109, Cross-Country Skiing,CAN,Knute JOHNSGAARD
110, Cross-Country Skiing,CAN,Len VALJAS
111, Cross-Country Skiing,CAN,Russell KENNEDY
112, Curling,CAN,Ben HEBERT
113, Curling,CAN,Brent LAING
114, Curling,CAN,Cheryl BERNARD
115, Curling,CAN,Emma MISKEW
116, Curling,CAN,Joanne COURTNEY
117, Curling,CAN,John MORRIS
118, Curling,CAN,Kaitlyn LAWES
119, Curling,CAN,Kevin KOE
120, Curling,CAN,Lisa WEAGLE
121, Curling,CAN,Marc KENNEDY
122, Curling,CAN,Rachel HOMAN
123, Curling,CAN,Scott PFEIFER
124, Figure Skating,CAN,Andrew POJE
125, Figure Skating,CAN,Charlie BILODEAU
126, Figure Skating,CAN,Eric RADFORD
127, Figure Skating,CAN,Gabrielle DALEMAN
128, Figure Skating,CAN,Julianne SEGUIN
129, Figure Skating,CAN,Kaetlyn OSMOND
130, Figure Skating,CAN,Kaitlyn WEAVER
131, Figure Skating,CAN,Keegan MESSING
132, Figure Skating,CAN,Kirsten MOORE-TOWERS
133, Figure Skating,CAN,Larkyn AUSTMAN
134, Figure Skating,CAN,Meagan DUHAMEL
135, Figure Skating,CAN,Michael MARINARO
136, Figure Skating,CAN,Patrick CHAN
137, Figure Skating,CAN,Paul POIRIER
138, Figure Skating,CAN,Piper GILLES
139, Figure Skating,CAN,Scott MOIR
140, Figure Skating,CAN,Tessa VIRTUE
141, Freestyle Skiing,CAN,Alex BEAULIEU-MARCHAND
142, Freestyle Skiing,CAN,Alex BELLEMARE
143, Freestyle Skiing,CAN,Andi NAUDE
144, Freestyle Skiing,CAN,Audrey ROBICHAUD
145, Freestyle Skiing,CAN,Brady LEMAN
146, Freestyle Skiing,CAN,Brittany PHELAN
147, Freestyle Skiing,CAN,Cassie SHARPE
148, Freestyle Skiing,CAN,Catrine LAVALLEE
149, Freestyle Skiing,CAN,Chloe DUFOUR-LAPOINTE
150, Freestyle Skiing,CAN,Christopher DELBOSCO
151, Freestyle Skiing,CAN,Dara HOWELL
152, Freestyle Skiing,CAN,Dave DUNCAN
153, Freestyle Skiing,CAN,Evan MCEACHRAN
154, Freestyle Skiing,CAN,India SHERRET
155, Freestyle Skiing,CAN,Justine DUFOUR-LAPOINTE
156, Freestyle Skiing,CAN,Kelsey SERWA
157, Freestyle Skiing,CAN,Kevin DRURY
158, Freestyle Skiing,CAN,Kim LAMARRE
159, Freestyle Skiing,CAN,Lewis IRVING
160, Freestyle Skiing,CAN,Marc-Antoine GAGNON
161, Freestyle Skiing,CAN,Marielle THOMPSON
162, Freestyle Skiing,CAN,Mikael KINGSBURY
163, Freestyle Skiing,CAN,Mike RIDDLE
164, Freestyle Skiing,CAN,Noah BOWMAN
165, Freestyle Skiing,CAN,Olivier ROCHON
166, Freestyle Skiing,CAN,Philippe MARQUIS
167, Freestyle Skiing,CAN,Rosalind GROENEWOUD
168, Freestyle Skiing,CAN,Simon D'ARTOIS
169, Freestyle Skiing,CAN,Teal HARLE
170, Freestyle Skiing,CAN,Yuki TSUBOTA
171, Ice Hockey,CAN,Andrew EBBETT
172, Ice Hockey,CAN,Ann-Renee DESBIENS
173, Ice Hockey,CAN,Bailey BRAM
174, Ice Hockey,CAN,Ben SCRIVENS
175, Ice Hockey,CAN,Blayre TURNBULL
176, Ice Hockey,CAN,Brandon KOZUN
177, Ice Hockey,CAN,Brianne JENNER
178, Ice Hockey,CAN,Brigette LACQUETTE
179, Ice Hockey,CAN,Chay GENOWAY
180, Ice Hockey,CAN,Chris KELLY
181, Ice Hockey,CAN,Chris LEE
182, Ice Hockey,CAN,Christian THOMAS
183, Ice Hockey,CAN,Cody GOLOUBEF
184, Ice Hockey,CAN,Derek ROY
185, Ice Hockey,CAN,Emily CLARK
186, Ice Hockey,CAN,Eric O'DELL
187, Ice Hockey,CAN,Genevieve LACASSE
188, Ice Hockey,CAN,Gilbert BRULE
189, Ice Hockey,CAN,Haley IRWIN
190, Ice Hockey,CAN,Jennifer WAKEFIELD
191, Ice Hockey,CAN,Jillian SAULNIER
192, Ice Hockey,CAN,Jocelyne LAROCQUE
193, Ice Hockey,CAN,Justin PETERS
194, Ice Hockey,CAN,Karl STOLLERY
195, Ice Hockey,CAN,Kevin POULIN
196, Ice Hockey,CAN,Laura FORTINO
197, Ice Hockey,CAN,Laura STACEY
198, Ice Hockey,CAN,Lauriane ROUGEAU
199, Ice Hockey,CAN,Linden VEY
200, Ice Hockey,CAN,Marc-Andre GRAGNANI
201, Ice Hockey,CAN,Marie-Philip POULIN
202, Ice Hockey,CAN,Mason RAYMOND
203, Ice Hockey,CAN,Mat ROBINSON
204, Ice Hockey,CAN,Maxim LAPIERRE
205, Ice Hockey,CAN,Maxim NOREAU
206, Ice Hockey,CAN,Meaghan MIKKELSON
207, Ice Hockey,CAN,Meghan AGOSTA
208, Ice Hockey,CAN,Melodie DAOUST
209, Ice Hockey,CAN,Natalie SPOONER
210, Ice Hockey,CAN,Quinton HOWDEN
211, Ice Hockey,CAN,Rebecca JOHNSTON
212, Ice Hockey,CAN,Renata FAST
213, Ice Hockey,CAN,Rene BOURQUE
214, Ice Hockey,CAN,Rob KLINKHAMMER
215, Ice Hockey,CAN,Sarah NURSE
216, Ice Hockey,CAN,Shannon SZABADOS
217, Ice Hockey,CAN,Stefan ELLIOTT
218, Ice Hockey,CAN,Wojtek WOLSKI
219, Luge,CAN,Alex GOUGH
220, Luge,CAN,Brooke APSHKRUM
221, Luge,CAN,Justin SNITH
222, Luge,CAN,Kimberley MCRAE
223, Luge,CAN,Mitchel MALYK
224, Luge,CAN,Reid WATTS
225, Luge,CAN,Sam EDNEY
226, Luge,CAN,Tristan WALKER
227, Short Track Speed Skating,CAN,Charle COURNOYER
228, Short Track Speed Skating,CAN,Charles HAMELIN
229, Short Track Speed Skating,CAN,Francois HAMELIN
230, Short Track Speed Skating,CAN,Jamie MACDONALD
231, Short Track Speed Skating,CAN,Kasandra BRADETTE
232, Short Track Speed Skating,CAN,Kim BOUTIN
233, Short Track Speed Skating,CAN,Marianne ST GELAIS
234, Short Track Speed Skating,CAN,Pascal DION
235, Short Track Speed Skating,CAN,Samuel GIRARD
236, Short Track Speed Skating,CAN,Valerie MALTAIS
237, Skeleton,CAN,Barrett MARTINEAU
238, Skeleton,CAN,Dave GRESZCZYSZYN
239, Skeleton,CAN,Elisabeth VATHJE
240, Skeleton,CAN,Jane CHANNELL
241, Skeleton,CAN,Kevin BOYER
242, Skeleton,CAN,Mirela RAHNEVA
243, Ski Jumping,CAN,Mackenzie BOYD-CLOWES
244, Ski Jumping,CAN,Taylor HENRICH
245, Snowboard,CAN,Baptiste BROCHU
246, Snowboard,CAN,Brooke VOIGT
247, Snowboard,CAN,Calynn IRWIN
248, Snowboard,CAN,Carle BRENNEMAN
249, Snowboard,CAN,Christopher ROBANSKE
250, Snowboard,CAN,Darren GARDNER
251, Snowboard,CAN,Derek LIVINGSTON
252, Snowboard,CAN,Eliot GRONDIN
253, Snowboard,CAN,Elizabeth HOSKING
254, Snowboard,CAN,Jasey Jay ANDERSON
255, Snowboard,CAN,Kevin HILL
256, Snowboard,CAN,Laurie BLOUIN
257, Snowboard,CAN,Mark MCMORRIS
258, Snowboard,CAN,Max PARROT
259, Snowboard,CAN,Mercedes NICOLL
260, Snowboard,CAN,Meryeta ODINE
261, Snowboard,CAN,Sebastien TOUTANT
262, Snowboard,CAN,Spencer O'BRIEN
263, Snowboard,CAN,Tess CRITCHLOW
264, Snowboard,CAN,Tyler NICHOLSON
265, Snowboard,CAN,Zoe BERGERMANN
266, Speed Skating,CAN,Alex BOISVERT-LACROIX
267, Speed Skating,CAN,Alexandre ST-JEAN
268, Speed Skating,CAN,Benjamin DONNELLY
269, Speed Skating,CAN,Brianne TUTT
270, Speed Skating,CAN,Denny MORRISON
271, Speed Skating,CAN,Gilmore JUNIO
272, Speed Skating,CAN,Heather MCLEAN
273, Speed Skating,CAN,Isabelle WEIDEMANN
274, Speed Skating,CAN,Ivanie BLONDIN
275, Speed Skating,CAN,Jordan BELCHOS
276, Speed Skating,CAN,Josie MORRISON
277, Speed Skating,CAN,Kali CHRIST
278, Speed Skating,CAN,Kaylin IRVINE
279, Speed Skating,CAN,Keri MORRISON
280, Speed Skating,CAN,Laurent DUBREUIL
281, Speed Skating,CAN,Marsha HUDEY
282, Speed Skating,CAN,Olivier JEAN
283, Speed Skating,CAN,Ted-Jan BLOEMEN
284, Speed Skating,CAN,Vincent DE HAITRE
285, Alpine Skiing,CHN,KONG Fanying
286, Alpine Skiing,CHN,ZHANG Yangming
287, Biathlon,CHN,TANG Jialin
288, Biathlon,CHN,ZHANG Yan
289, Bobsleigh,CHN,JIN Jian
290, Bobsleigh,CHN,LI Chunjian
291, Bobsleigh,CHN,SHAO Yijun
292, Bobsleigh,CHN,SHI Hao
293, Bobsleigh,CHN,WANG Sidong
294, Cross-Country Skiing,CHN,CHI Chunxue
295, Cross-Country Skiing,CHN,LI Xin
296, Cross-Country Skiing,CHN,SUN Qinghai
297, Cross-Country Skiing,CHN,WANG Qiang
298, Curling,CHN,BA Dexin
299, Curling,CHN,JIANG Xindi
300, Curling,CHN,LIU Jinli
301, Curling,CHN,MA Jingyi
302, Curling,CHN,WANG Bingyu
303, Curling,CHN,WANG Rui
304, Curling,CHN,ZHOU Yan
305, Figure Skating,CHN,HAN Cong
306, Figure Skating,CHN,JIN Boyang
307, Figure Skating,CHN,JIN Yang
308, Figure Skating,CHN,LI Xiangning
309, Figure Skating,CHN,LIU Xinyu
310, Figure Skating,CHN,PENG Cheng
311, Figure Skating,CHN,SUI Wenjing
312, Figure Skating,CHN,WANG Shiyue
313, Figure Skating,CHN,YAN Han
314, Figure Skating,CHN,YU Xiaoyu
315, Figure Skating,CHN,ZHANG Hao
316, Freestyle Skiing,CHN,CHAI Hong
317, Freestyle Skiing,CHN,GUAN Ziyan
318, Freestyle Skiing,CHN,JIA Zongyang
319, Freestyle Skiing,CHN,KONG Fanyu
320, Freestyle Skiing,CHN,KONG Xiangrui
321, Freestyle Skiing,CHN,LIU Zhongqing
322, Freestyle Skiing,CHN,MAO Bingqiang
323, Freestyle Skiing,CHN,QI Guangpu
324, Freestyle Skiing,CHN,WANG Jin
325, Freestyle Skiing,CHN,WANG Xindi
326, Freestyle Skiing,CHN,WU Meng
327, Freestyle Skiing,CHN,XU Mengtao
328, Freestyle Skiing,CHN,YAN Ting
329, Freestyle Skiing,CHN,ZHANG Kexin
330, Freestyle Skiing,CHN,ZHANG Xin
331, Short Track Speed Skating,CHN,CHEN Dequan
332, Short Track Speed Skating,CHN,FAN Kexin
333, Short Track Speed Skating,CHN,HAN Tianyu
334, Short Track Speed Skating,CHN,HAN Yutong
335, Short Track Speed Skating,CHN,LI Jinyu
336, Short Track Speed Skating,CHN,QU Chunyu
337, Short Track Speed Skating,CHN,REN Ziwei
338, Short Track Speed Skating,CHN,WU Dajing
339, Short Track Speed Skating,CHN,XU Hongzhi
340, Short Track Speed Skating,CHN,ZHOU Yang
341, Skeleton,CHN,GENG Wenqiang
342, Ski Jumping,CHN,CHANG Xinyue
343, Snowboard,CHN,CAI Xuetong
344, Snowboard,CHN,GONG Naiying
345, Snowboard,CHN,LI Shuang
346, Snowboard,CHN,LIU Jiayu
347, Snowboard,CHN,QIU Leng
348, Snowboard,CHN,SHI Wancheng
349, Snowboard,CHN,XU Xiaoxiao
350, Snowboard,CHN,ZANG Ruxin
351, Snowboard,CHN,ZHANG Yiwei
352, Speed Skating,CHN,GAO Tingyu
353, Speed Skating,CHN,GUO Dan
354, Speed Skating,CHN,HAN Mei
355, Speed Skating,CHN,HAO Jiachen
356, Speed Skating,CHN,LI Dan
357, Speed Skating,CHN,LIU Jing
358, Speed Skating,CHN,TIAN Ruining
359, Speed Skating,CHN,WANG Hongli
360, Speed Skating,CHN,XIAKAINI Aerchenghazi
361, Speed Skating,CHN,XIE Jiaxuan
362, Speed Skating,CHN,YANG Tao
363, Speed Skating,CHN,YU Jing
364, Speed Skating,CHN,ZHANG Hong
365, Alpine Skiing,FIN,Andreas ROMAR
366, Alpine Skiing,FIN,Samu TORSTI
367, Biathlon,FIN,Kaisa MAKARAINEN
368, Biathlon,FIN,Laura TOIVANEN
369, Biathlon,FIN,Mari LAUKKANEN
370, Biathlon,FIN,Olli HIIDENSALO
371, Biathlon,FIN,Suvi MINKKINEN
372, Biathlon,FIN,Tero SEPPALA
373, Biathlon,FIN,Tuomas GRONMAN
374, Biathlon,FIN,Venla LEHTONEN
375, Cross-Country Skiing,FIN,Aino-Kaisa SAARINEN
376, Cross-Country Skiing,FIN,Anne KYLLOENEN
377, Cross-Country Skiing,FIN,Anssi PENTSINEN
378, Cross-Country Skiing,FIN,Antti OJANSIVU
379, Cross-Country Skiing,FIN,Iivo NISKANEN
380, Cross-Country Skiing,FIN,Johanna MATINTALO
381, Cross-Country Skiing,FIN,Kerttu NISKANEN
382, Cross-Country Skiing,FIN,Krista PARMAKOSKI
383, Cross-Country Skiing,FIN,Lari LEHTONEN
384, Cross-Country Skiing,FIN,Laura MONONEN
385, Cross-Country Skiing,FIN,Lauri VUORINEN
386, Cross-Country Skiing,FIN,Mari LAUKKANEN
387, Cross-Country Skiing,FIN,Martti JYLHAE
388, Cross-Country Skiing,FIN,Matti HEIKKINEN
389, Cross-Country Skiing,FIN,Perttu HYVARINEN
390, Cross-Country Skiing,FIN,Riitta-Liisa ROPONEN
391, Cross-Country Skiing,FIN,Ristomatti HAKOLA
392, Cross-Country Skiing,FIN,Toni KETELAE
393, Cross-Country Skiing,FIN,Ville NOUSIAINEN
394, Curling,FIN,Oona KAUSTE
395, Curling,FIN,Tomi RANTAMAEKI
396, Figure Skating,FIN,Emmi PELTONEN
397, Freestyle Skiing,FIN,Jimi SALONEN
398, Freestyle Skiing,FIN,Joona KANGAS
399, Freestyle Skiing,FIN,Jussi PENTTALA
400, Ice Hockey,FIN,Annina RAJAHUHTA
401, Ice Hockey,FIN,Atte OHTAMAA
402, Ice Hockey,FIN,Eeli TOLVANEN
403, Ice Hockey,FIN,Ella VIITASUO
404, Ice Hockey,FIN,Emma NUUTINEN
405, Ice Hockey,FIN,Eveliina SUONPAA
406, Ice Hockey,FIN,Isa RAHUNEN
407, Ice Hockey,FIN,Jani LAJUNEN
408, Ice Hockey,FIN,Jarno KOSKIRANTA
409, Ice Hockey,FIN,Jenni HIIRIKOSKI
410, Ice Hockey,FIN,Jonas ENLUND
411, Ice Hockey,FIN,Joonas KEMPPAINEN
412, Ice Hockey,FIN,Juha METSOLA
413, Ice Hockey,FIN,Jukka PELTOLA
414, Ice Hockey,FIN,Julius JUNTTILA
415, Ice Hockey,FIN,Juuso HIETANEN
416, Ice Hockey,FIN,Karri RAMO
417, Ice Hockey,FIN,Lasse KUKKONEN
418, Ice Hockey,FIN,Linda VALIMAKI
419, Ice Hockey,FIN,Marko ANTTILA
420, Ice Hockey,FIN,Meeri RAISANEN
421, Ice Hockey,FIN,Michelle KARVINEN
422, Ice Hockey,FIN,Miika KOIVISTO
423, Ice Hockey,FIN,Mika PYORALA
424, Ice Hockey,FIN,Mikko KOSKINEN
425, Ice Hockey,FIN,Mikko LEHTONEN
426, Ice Hockey,FIN,Minnamari TUOMINEN
427, Ice Hockey,FIN,Mira JALOSUO
428, Ice Hockey,FIN,Miro HEISKANEN
429, Ice Hockey,FIN,Noora RATY
430, Ice Hockey,FIN,Noora TULUS
431, Ice Hockey,FIN,Oskar OSALA
432, Ice Hockey,FIN,Petra NIEMINEN
433, Ice Hockey,FIN,Petri KONTIOLA
434, Ice Hockey,FIN,Riikka VALILA
435, Ice Hockey,FIN,Ronja SAVOLAINEN
436, Ice Hockey,FIN,Rosa LINDSTEDT
437, Ice Hockey,FIN,Saila SAARI
438, Ice Hockey,FIN,Sakari MANNINEN
439, Ice Hockey,FIN,Sami LEPISTO
440, Ice Hockey,FIN,Sanni HAKALA
441, Ice Hockey,FIN,Sara SAKKINEN
442, Ice Hockey,FIN,Susanna TAPANI
443, Ice Hockey,FIN,Tanja NISKANEN
444, Ice Hockey,FIN,Teemu HARTIKAINEN
445, Ice Hockey,FIN,Tommi KIVISTO
446, Ice Hockey,FIN,Veli-Matti SAVINAINEN
447, Ice Hockey,FIN,Venla HOVI
448, Nordic Combined,FIN,Arttu MAEKIAHO
449, Nordic Combined,FIN,Eero HIRVONEN
450, Nordic Combined,FIN,Hannu MANNINEN
451, Nordic Combined,FIN,Ilkka HEROLA
452, Nordic Combined,FIN,Leevi MUTRU
453, Ski Jumping,FIN,Andreas ALAMOMMO
454, Ski Jumping,FIN,Antti AALTO
455, Ski Jumping,FIN,Eetu NOUSIAINEN
456, Ski Jumping,FIN,Janne AHONEN
457, Ski Jumping,FIN,Jarkko MAEAETTAE
458, Ski Jumping,FIN,Julia KYKKANEN
459, Snowboard,FIN,Anton LINDFORS
460, Snowboard,FIN,Enni RUKAJARVI
461, Snowboard,FIN,Janne KORPI
462, Snowboard,FIN,Kalle JARVILEHTO
463, Snowboard,FIN,Markus MALIN
464, Snowboard,FIN,Peetu PIIROINEN
465, Snowboard,FIN,Rene RINNEKANGAS
466, Snowboard,FIN,Roope TONTERI
467, Speed Skating,FIN,Elina RISKU
468, Speed Skating,FIN,Mika POUTALA
469, Speed Skating,FIN,Pekka KOSKELA
470,  Alpine Skiing,FRA,Adeline BAUD MUGNIER
471, Alpine Skiing,FRA,Adrien THEAUX
472, Alpine Skiing,FRA,Alexis PINTURAULT
473, Alpine Skiing,FRA,Anne-Sophie BARTHET
474, Alpine Skiing,FRA,Blaise GIEZENDANNER
475, Alpine Skiing,FRA,Brice ROGER
476, Alpine Skiing,FRA,Clement NOEL
477, Alpine Skiing,FRA,Jean-Baptiste GRANGE
478, Alpine Skiing,FRA,Jennifer PIOT
479, Alpine Skiing,FRA,Johan CLAREY
480, Alpine Skiing,FRA,Julien LIZEROUX
481, Alpine Skiing,FRA,Laura GAUCHE
482, Alpine Skiing,FRA,Mathieu FAIVRE
483, Alpine Skiing,FRA,Maxence MUZATON
484, Alpine Skiing,FRA,Nastasia NOENS
485, Alpine Skiing,FRA,Romane MIRADOLI
486, Alpine Skiing,FRA,Taina BARIOZ
487, Alpine Skiing,FRA,Tessa WORLEY
488, Alpine Skiing,FRA,Thomas FANARA
489, Alpine Skiing,FRA,Thomas MERMILLOD BLONDIN
490, Alpine Skiing,FRA,Tiffany GAUTHIER
491, Alpine Skiing,FRA,Victor MUFFAT-JEANDET
492, Biathlon,FRA,Anais BESCOND
493, Biathlon,FRA,Anais CHEVALIER
494, Biathlon,FRA,Antonin GUIGONNAT
495, Biathlon,FRA,Celia AYMONIER
496, Biathlon,FRA,Emilien JACQUELIN
497, Biathlon,FRA,Julia SIMON
498, Biathlon,FRA,Justine BRAISAZ
499, Biathlon,FRA,Marie DORIN HABERT
500, Biathlon,FRA,Martin FOURCADE
501, Biathlon,FRA,Quentin FILLON MAILLET
502, Biathlon,FRA,Simon DESTHIEUX
503, Biathlon,FRA,Simon FOURCADE
504, Bobsleigh,FRA,Dorian HAUTERVILLE
505, Bobsleigh,FRA,Loic COSTERG
506, Bobsleigh,FRA,Romain HEINRICH
507, Bobsleigh,FRA,Vincent CASTELL
508, Bobsleigh,FRA,Vincent RICARD
509, Cross-Country Skiing,FRA,Adrien BACKSCHEIDER
510, Cross-Country Skiing,FRA,Anouk FAIVRE PICON
511, Cross-Country Skiing,FRA,Aurore JEAN
512, Cross-Country Skiing,FRA,Baptiste GROS
513, Cross-Country Skiing,FRA,Clement PARISSE
514, Cross-Country Skiing,FRA,Coraline THOMAS HUGUE
515, Cross-Country Skiing,FRA,Damien TARANTOLA
516, Cross-Country Skiing,FRA,Delphine CLAUDEL
517, Cross-Country Skiing,FRA,Jean Marc GAILLARD
518, Cross-Country Skiing,FRA,Jules LAPIERRE
519, Cross-Country Skiing,FRA,Lucas CHANAVAT
520, Cross-Country Skiing,FRA,Maurice MANIFICAT
521, Cross-Country Skiing,FRA,Richard JOUVE
522, Figure Skating,FRA,Chafik BESSEGHIER
523, Figure Skating,FRA,Gabriella PAPADAKIS
524, Figure Skating,FRA,Guillaume CIZERON
525, Figure Skating,FRA,Mae Berenice MEITE
526, Figure Skating,FRA,Marie-Jade LAURIAULT
527, Figure Skating,FRA,Morgan CIPRES
528, Figure Skating,FRA,Romain LE GAC
529, Figure Skating,FRA,Vanessa JAMES
530, Freestyle Skiing,FRA,Alizee BARON
531, Freestyle Skiing,FRA,Anais CARADEUX
532, Freestyle Skiing,FRA,Anthony BENNA
533, Freestyle Skiing,FRA,Antoine ADELISSE
534, Freestyle Skiing,FRA,Arnaud BOVOLENTA
535, Freestyle Skiing,FRA,Benjamin CAVET
536, Freestyle Skiing,FRA,Benoit BURATTI
537, Freestyle Skiing,FRA,Camille CABROL
538, Freestyle Skiing,FRA,Francois PLACE
539, Freestyle Skiing,FRA,Jean Frederic CHAPUIS
540, Freestyle Skiing,FRA,Kevin ROLLAND
541, Freestyle Skiing,FRA,Lou BARIN
542, Freestyle Skiing,FRA,Marie MARTINOD
543, Freestyle Skiing,FRA,Marielle BERGER SABBATEL
544, Freestyle Skiing,FRA,Perrine LAFFONT
545, Freestyle Skiing,FRA,Sacha THEOCHARIS
546, Freestyle Skiing,FRA,Terence TCHIKNAVORIAN
547, Freestyle Skiing,FRA,Tess LEDEUX
548, Freestyle Skiing,FRA,Thomas KRIEF
549, Nordic Combined,FRA,Antoine GERARD
550, Nordic Combined,FRA,Francois BRAUD
551, Nordic Combined,FRA,Jason LAMY CHAPPUIS
552, Nordic Combined,FRA,Laurent MUHLETHALER
553, Nordic Combined,FRA,Maxime LAHEURTE
554, Short Track Speed Skating,FRA,Sebastien LEPAPE
555, Short Track Speed Skating,FRA,Thibaut FAUCONNET
556, Short Track Speed Skating,FRA,Tifany HUOT MARCHAND
557, Short Track Speed Skating,FRA,Veronique PIERRON
558, Ski Jumping,FRA,Jonathan LEAROYD
559, Ski Jumping,FRA,Lea LEMARE
560, Ski Jumping,FRA,Lucile MORAT
561, Ski Jumping,FRA,Vincent DESCOMBES SEVOIE
562, Snowboard,FRA,Charlotte BANKES
563, Snowboard,FRA,Chloe TRESPEUCH
564, Snowboard,FRA,Clemence GRIMAL
565, Snowboard,FRA,Julia PEREIRA DE SOUSA MABILEAU
566, Snowboard,FRA,Ken VUAGNOUX
567, Snowboard,FRA,Loan BOZZOLO
568, Snowboard,FRA,Lucile LEFEVRE
569, Snowboard,FRA,Merlin SURGET
570, Snowboard,FRA,Mirabelle THOVEX
571, Snowboard,FRA,Nelly MOENNE LOCCOZ
572, Snowboard,FRA,Pierre VAULTIER
573, Snowboard,FRA,Sophie RODRIGUEZ
574, Snowboard,FRA,Sylvain DUFOUR
575, Speed Skating,FRA,Alexis CONTIN
576, Alpine Skiing,GBR,Alex TILLEY
577, Alpine Skiing,GBR,Charlie GUEST
578, Alpine Skiing,GBR,Dave RYDING
579, Alpine Skiing,GBR,Laurie TAYLOR
580, Biathlon,GBR,Amanda LIGHTFOOT
581, Bobsleigh,GBR,Andrew MATTHEWS
582, Bobsleigh,GBR,Ben SIMONS
583, Bobsleigh,GBR,Brad HALL
584, Bobsleigh,GBR,Greg CACKETT
585, Bobsleigh,GBR,Joel FEARON
586, Bobsleigh,GBR,Lamin DEEN
587, Bobsleigh,GBR,Mica MCNEILL
588, Bobsleigh,GBR,Mica MOORE
589, Bobsleigh,GBR,Nick GLEESON
590, Bobsleigh,GBR,Toby OLUBI
591, Cross-Country Skiing,GBR,Andrew MUSGRAVE
592, Cross-Country Skiing,GBR,Andrew YOUNG
593, Cross-Country Skiing,GBR,Annika TAYLOR
594, Cross-Country Skiing,GBR,Callum SMITH
595, Curling,GBR,Anna SLOAN
596, Curling,GBR,Cameron SMITH
597, Curling,GBR,Eve MUIRHEAD
598, Curling,GBR,Glen MUIRHEAD
599, Curling,GBR,Kelly SCHAFER
600, Curling,GBR,Kyle SMITH
601, Curling,GBR,Kyle WADDELL
602, Curling,GBR,Lauren GRAY
603, Curling,GBR,Thomas MUIRHEAD
604, Curling,GBR,Vicki ADAMS
605, Figure Skating,GBR,Nicholas BUCKLAND
606, Figure Skating,GBR,Penny COOMES
607, Freestyle Skiing,GBR,Alexander GLAVATSKY-YEADON
608, Freestyle Skiing,GBR,Emily SARSFIELD
609, Freestyle Skiing,GBR,Isabel ATKIN
610, Freestyle Skiing,GBR,James WOODS
611, Freestyle Skiing,GBR,Katie SUMMERHAYES
612, Freestyle Skiing,GBR,Lloyd WALLACE
613, Freestyle Skiing,GBR,Molly SUMMERHAYES
614, Freestyle Skiing,GBR,Murray BUCHAN
615, Freestyle Skiing,GBR,Peter SPEIGHT
616, Freestyle Skiing,GBR,Rowan CHESHIRE
617, Freestyle Skiing,GBR,Tyler HARDING
618, Luge,GBR,Adam ROSEN
619, Luge,GBR,Rupert STAUDINGER
620, Short Track Speed Skating,GBR,Charlotte GILMARTIN
621, Short Track Speed Skating,GBR,Elise CHRISTIE
622, Short Track Speed Skating,GBR,Farrell TREACY
623, Short Track Speed Skating,GBR,Josh CHEETHAM
624, Short Track Speed Skating,GBR,Kathryn THOMSON
625, Skeleton,GBR,Dom PARSONS
626, Skeleton,GBR,Jerry RICE
627, Skeleton,GBR,Laura DEAS
628, Skeleton,GBR,Lizzy YARNOLD
629, Snowboard,GBR,Aimee FULLER
630, Snowboard,GBR,Billy MORGAN
631, Snowboard,GBR,Jamie NICHOLLS
632, Snowboard,GBR,Rowan COULTAS
633, Snowboard,GBR,Zoe GILLINGS-BRIER
634, Alpine Skiing,GER,Alexander SCHMID
635, Alpine Skiing,GER,Andreas SANDER
636, Alpine Skiing,GER,Christina GEIGER
637, Alpine Skiing,GER,Fritz DOPFER
638, Alpine Skiing,GER,Josef FERSTL
639, Alpine Skiing,GER,Kira WEIDLE
640, Alpine Skiing,GER,Lena DUERR
641, Alpine Skiing,GER,Linus STRASSER
642, Alpine Skiing,GER,Marina WALLNER
643, Alpine Skiing,GER,Thomas DRESSEN
644, Alpine Skiing,GER,Viktoria REBENSBURG
645, Biathlon,GER,Arnd PEIFFER
646, Biathlon,GER,Benedikt DOLL
647, Biathlon,GER,Denise HERRMANN
648, Biathlon,GER,Erik LESSER
649, Biathlon,GER,Franziska HILDEBRAND
650, Biathlon,GER,Franziska PREUSS
651, Biathlon,GER,Johannes KUEHN
652, Biathlon,GER,Laura DAHLMEIER
653, Biathlon,GER,Maren HAMMERSCHMIDT
654, Biathlon,GER,Roman REES
655, Biathlon,GER,Simon SCHEMPP
656, Biathlon,GER,Vanessa HINZ
657, Bobsleigh,GER,Alexander ROEDIGER
658, Bobsleigh,GER,Anna KOEHLER
659, Bobsleigh,GER,Annika DRAZEK
660, Bobsleigh,GER,Candy BAUER
661, Bobsleigh,GER,Christian POSER
662, Bobsleigh,GER,Christian RASP
663, Bobsleigh,GER,Christopher WEBER
664, Bobsleigh,GER,Eric FRANKE
665, Bobsleigh,GER,Erline NOLTE
666, Bobsleigh,GER,Francesco FRIEDRICH
667, Bobsleigh,GER,Johannes LOCHNER
668, Bobsleigh,GER,Kevin KUSKE
669, Bobsleigh,GER,Lisa BUCKWITZ
670, Bobsleigh,GER,Mariama JAMANKA
671, Bobsleigh,GER,Martin GROTHKOPP
672, Bobsleigh,GER,Nico WALTHER
673, Bobsleigh,GER,Stephanie SCHNEIDER
674, Bobsleigh,GER,Thorsten MARGIS
675, Cross-Country Skiing,GER,Andreas KATZ
676, Cross-Country Skiing,GER,Anne WINKLER
677, Cross-Country Skiing,GER,Elisabeth SCHICHO
678, Cross-Country Skiing,GER,Florian NOTZ
679, Cross-Country Skiing,GER,Hanna KOLB
680, Cross-Country Skiing,GER,Jonas DOBLER
681, Cross-Country Skiing,GER,Katharina HENNIG
682, Cross-Country Skiing,GER,Lucas BOEGL
683, Cross-Country Skiing,GER,Nicole FESSEL
684, Cross-Country Skiing,GER,Pia FINK
685, Cross-Country Skiing,GER,Sandra RINGWALD
686, Cross-Country Skiing,GER,Sebastian EISENLAUER
687, Cross-Country Skiing,GER,Stefanie BOEHLER
688, Cross-Country Skiing,GER,Thomas BING
689, Cross-Country Skiing,GER,Thomas WICK
690, Cross-Country Skiing,GER,Victoria CARL
691, Figure Skating,GER,Aljona SAVCHENKO
692, Figure Skating,GER,Annika HOCKE
693, Figure Skating,GER,Bruno MASSOT
694, Figure Skating,GER,Joti POLIZOAKIS
695, Figure Skating,GER,Kavita LORENZ
696, Figure Skating,GER,Nicole SCHOTT
697, Figure Skating,GER,Paul FENTZ
698, Figure Skating,GER,Ruben BLOMMAERT
699, Freestyle Skiing,GER,Florian WILMSMANN
700, Freestyle Skiing,GER,Julia EICHINGER
701, Freestyle Skiing,GER,Katharina FOERSTER
702, Freestyle Skiing,GER,Kea KUEHNEL
703, Freestyle Skiing,GER,Lea BOUARD
704, Freestyle Skiing,GER,Paul ECKERT
705, Freestyle Skiing,GER,Sabrina CAKMAKLI
706, Freestyle Skiing,GER,Tim HRONEK
707, Ice Hockey,GER,Bjorn KRUPP
708, Ice Hockey,GER,Brooks MACEK
709, Ice Hockey,GER,Christian EHRHOFF
710, Ice Hockey,GER,Danny AUS DEN BIRKEN
711, Ice Hockey,GER,Daryl BOYLE
712, Ice Hockey,GER,David WOLF
713, Ice Hockey,GER,Dennis ENDRAS
714, Ice Hockey,GER,Dominik KAHUN
715, Ice Hockey,GER,Felix SCHUTZ
716, Ice Hockey,GER,Frank HORDLER
717, Ice Hockey,GER,Frank MAUER
718, Ice Hockey,GER,Gerrit FAUSER
719, Ice Hockey,GER,Jonas MULLER
720, Ice Hockey,GER,Leonhard PFODERL
721, Ice Hockey,GER,Marcel GOC
722, Ice Hockey,GER,Marcel NOEBELS
723, Ice Hockey,GER,Marcus KINK
724, Ice Hockey,GER,Matthias PLACHTA
725, Ice Hockey,GER,Moritz MULLER
726, Ice Hockey,GER,Patrick HAGER
727, Ice Hockey,GER,Patrick REIMER
728, Ice Hockey,GER,Sinan AKDAG
729, Ice Hockey,GER,Timo PIELMEIER
730, Ice Hockey,GER,Yannic SEIDENBERG
731, Ice Hockey,GER,Yasin EHLIZ
732, Luge,GER,Andi LANGENHAN
733, Luge,GER,Dajana EITBERGER
734, Luge,GER,Felix LOCH
735, Luge,GER,Johannes LUDWIG
736, Luge,GER,Natalie GEISENBERGER
737, Luge,GER,Sascha BENECKEN
738, Luge,GER,Tatjana HUEFNER
739, Luge,GER,Tobias ARLT
740, Luge,GER,Tobias WENDL
741, Luge,GER,Toni EGGERT
742, Nordic Combined,GER,Bjoern KIRCHEISEN
743, Nordic Combined,GER,Eric FRENZEL
744, Nordic Combined,GER,Fabian RIESSLE
745, Nordic Combined,GER,Johannes RYDZEK
746, Nordic Combined,GER,Vinzenz GEIGER
747, Short Track Speed Skating,GER,Anna SEIDEL
748, Short Track Speed Skating,GER,Bianca WALTER
749, Skeleton,GER,Alexander GASSNER
750, Skeleton,GER,Anna FERNSTAEDT
751, Skeleton,GER,Axel JUNGK
752, Skeleton,GER,Christopher GROTHEER
753, Skeleton,GER,Jacqueline LOELLING
754, Skeleton,GER,Tina HERMANN
755, Ski Jumping,GER,Andreas WELLINGER
756, Ski Jumping,GER,Carina VOGT
757, Ski Jumping,GER,Juliane SEYFARTH
758, Ski Jumping,GER,Karl GEIGER
759, Ski Jumping,GER,Katharina ALTHAUS
760, Ski Jumping,GER,Markus EISENBICHLER
761, Ski Jumping,GER,Ramona STRAUB
762, Ski Jumping,GER,Richard FREITAG
763, Ski Jumping,GER,Stephan LEYHE
764, Snowboard,GER,Alexander BERGMANN
765, Snowboard,GER,Anke WOEHRER
766, Snowboard,GER,Carolin LANGENHORST
767, Snowboard,GER,Jana FISCHER
768, Snowboard,GER,Johannes HOEPFL
769, Snowboard,GER,Konstantin SCHAD
770, Snowboard,GER,Martin NOERL
771, Snowboard,GER,Patrick BUSSLER
772, Snowboard,GER,Paul BERG
773, Snowboard,GER,Ramona Theresia HOFMEISTER
774, Snowboard,GER,Selina JOERG
775, Snowboard,GER,Silvia MITTERMUELLER
776, Snowboard,GER,Stefan BAUMEISTER
777, Speed Skating,GER,Claudia PECHSTEIN
778, Speed Skating,GER,Gabriele HIRSCHBICHLER
779, Speed Skating,GER,Joel DUFTER
780, Speed Skating,GER,Judith DANNHAUER
781, Speed Skating,GER,Michelle UHRIG
782, Speed Skating,GER,Moritz GEISREITER
783, Speed Skating,GER,Nico IHLE
784, Speed Skating,GER,Patrick BECKERT
785, Speed Skating,GER,Roxanne DUFTER
786, Alpine Skiing,ITA,Alex VINATZER
787, Alpine Skiing,ITA,Chiara COSTAZZA
788, Alpine Skiing,ITA,Christof INNERHOFER
789, Alpine Skiing,ITA,Dominik PARIS
790, Alpine Skiing,ITA,Emanuele BUZZI
791, Alpine Skiing,ITA,Federica BRIGNONE
792, Alpine Skiing,ITA,Florian EISATH
793, Alpine Skiing,ITA,Irene CURTONI
794, Alpine Skiing,ITA,Johanna SCHNARF
795, Alpine Skiing,ITA,Luca DE ALIPRANDINI
796, Alpine Skiing,ITA,Manfred MOELGG
797, Alpine Skiing,ITA,Manuela MOELGG
798, Alpine Skiing,ITA,Marta BASSINO
799, Alpine Skiing,ITA,Matteo MARSAGLIA
800, Alpine Skiing,ITA,Nadia FANCHINI
801, Alpine Skiing,ITA,Nicol DELAGO
802, Alpine Skiing,ITA,Peter FILL
803, Alpine Skiing,ITA,Riccardo TONETTI
804, Alpine Skiing,ITA,Sofia GOGGIA
805, Alpine Skiing,ITA,Stefano GROSS
806, Biathlon,ITA,Alexia RUNGGALDIER
807, Biathlon,ITA,Dominik WINDISCH
808, Biathlon,ITA,Dorothea WIERER
809, Biathlon,ITA,Federica SANFILIPPO
810, Biathlon,ITA,Giuseppe MONTELLO
811, Biathlon,ITA,Karin OBERHOFER
812, Biathlon,ITA,Lisa VITTOZZI
813, Biathlon,ITA,Lukas HOFER
814, Biathlon,ITA,Nicole GONTIER
815, Biathlon,ITA,Thierry CHENAL
816, Biathlon,ITA,Thomas BORMOLINI
817, Bobsleigh,ITA,Francesco COSTA
818, Bobsleigh,ITA,Lorenzo BILOTTI
819, Bobsleigh,ITA,Simone BERTAZZO
820, Bobsleigh,ITA,Simone FONTANA
821, Cross-Country Skiing,ITA,Anna COMARELLA
822, Cross-Country Skiing,ITA,Dietmar NOECKLER
823, Cross-Country Skiing,ITA,Elisa BROCARD
824, Cross-Country Skiing,ITA,Federico PELLEGRINO
825, Cross-Country Skiing,ITA,Francesco DE FABIANI
826, Cross-Country Skiing,ITA,Gaia VUERICH
827, Cross-Country Skiing,ITA,Giandomenico SALVADORI
828, Cross-Country Skiing,ITA,Greta LAURENT
829, Cross-Country Skiing,ITA,Ilaria DEBERTOLIS
830, Cross-Country Skiing,ITA,Lucia SCARDONI
831, Cross-Country Skiing,ITA,Maicol RASTELLI
832, Cross-Country Skiing,ITA,Mirco BERTOLINA
833, Cross-Country Skiing,ITA,Sara PELLEGRINI
834, Cross-Country Skiing,ITA,Sergio RIGONI
835, Cross-Country Skiing,ITA,Stefan ZELGER
836, Curling,ITA,Amos MOSANER
837, Curling,ITA,Andrea PILZER
838, Curling,ITA,Daniele FERRAZZA
839, Curling,ITA,Joel RETORNAZ
840, Curling,ITA,Simone GONIN
841, Figure Skating,ITA,Anna CAPPELLINI
842, Figure Skating,ITA,Carolina KOSTNER
843, Figure Skating,ITA,Charlene GUIGNARD
844, Figure Skating,ITA,Giada RUSSO
845, Figure Skating,ITA,Luca LANOTTE
846, Figure Skating,ITA,Marco FABBRI
847, Figure Skating,ITA,Matteo GUARISE
848, Figure Skating,ITA,Matteo RIZZO
849, Figure Skating,ITA,Nicole DELLA MONICA
850, Figure Skating,ITA,Ondrej HOTAREK
851, Figure Skating,ITA,Valentina MARCHEI
852, Freestyle Skiing,ITA,Debora PIXNER
853, Freestyle Skiing,ITA,Lucrezia FANTELLI
854, Freestyle Skiing,ITA,Siegmar KLOTZ
855, Freestyle Skiing,ITA,Stefan THANEI
856, Luge,ITA,Andrea VOETTER
857, Luge,ITA,Dominik FISCHNALLER
858, Luge,ITA,Emanuel RIEDER
859, Luge,ITA,Fabian MALLEIER
860, Luge,ITA,Ivan NAGLER
861, Luge,ITA,Kevin FISCHNALLER
862, Luge,ITA,Ludwig RIEDER
863, Luge,ITA,Patrick RASTNER
864, Luge,ITA,Sandra ROBATSCHER
865, Nordic Combined,ITA,Aaron KOSTNER
866, Nordic Combined,ITA,Alessandro PITTIN
867, Nordic Combined,ITA,Lukas RUNGGALDIER
868, Nordic Combined,ITA,Raffaele BUZZI
869, Short Track Speed Skating,ITA,Arianna FONTANA
870, Short Track Speed Skating,ITA,Cecilia MAFFEI
871, Short Track Speed Skating,ITA,Cynthia MASCITTO
872, Short Track Speed Skating,ITA,Lucia PERETTI
873, Short Track Speed Skating,ITA,Martina VALCEPINA
874, Short Track Speed Skating,ITA,Tommaso DOTTI
875, Short Track Speed Skating,ITA,Yuri CONFORTOLA
876, Skeleton,ITA,Joseph Luke CECCHINI
877, Ski Jumping,ITA,Alex INSAM
878, Ski Jumping,ITA,Davide BRESADOLA
879, Ski Jumping,ITA,Elena RUNGGALDIER
880, Ski Jumping,ITA,Evelyn INSAM
881, Ski Jumping,ITA,Federico CECON
882, Ski Jumping,ITA,Lara MALSINER
883, Ski Jumping,ITA,Manuela MALSINER
884, Ski Jumping,ITA,Sebastian COLLOREDO
885, Snowboard,ITA,Aaron MARCH
886, Snowboard,ITA,Alberto MAFFEI
887, Snowboard,ITA,Edwin CORATTI
888, Snowboard,ITA,Emanuel PERATHONER
889, Snowboard,ITA,Lorenzo SOMMARIVA
890, Snowboard,ITA,Michela MOIOLI
891, Snowboard,ITA,Michele GODINO
892, Snowboard,ITA,Mirko FELICETTI
893, Snowboard,ITA,Nadya OCHNER
894, Snowboard,ITA,Omar VISINTIN
895, Snowboard,ITA,Raffaella BRUTTO
896, Snowboard,ITA,Roland FISCHNALLER
897, Speed Skating,ITA,Andrea GIOVANNINI
898, Speed Skating,ITA,Davide GHIOTTO
899, Speed Skating,ITA,Francesca BETTRONE
900, Speed Skating,ITA,Francesca LOLLOBRIGIDA
901, Speed Skating,ITA,Michele MALFATTI
902, Speed Skating,ITA,Mirko Giacomo NENZI
903, Speed Skating,ITA,Nicola TUMOLERO
904, Speed Skating,ITA,Riccardo BUGARI
905, Speed Skating,ITA,Yvonne DALDOSSI
906,  Alpine Skiing,JPN,Asa ANDO
907, Alpine Skiing,JPN,Haruna ISHIKAWA
908, Alpine Skiing,JPN,Naoki YUASA
909, Alpine Skiing,JPN,Tomoya ISHII
910, Biathlon,JPN,Asuka HACHISUKA
911, Biathlon,JPN,Fuyuko TACHIZAKI
912, Biathlon,JPN,Mikito TACHIZAKI
913, Biathlon,JPN,Rina MITSUHASHI
914, Biathlon,JPN,Sari FURUYA
915, Biathlon,JPN,Yurie TANAKA
916, Cross-Country Skiing,JPN,Keishin YOSHIDA
917, Cross-Country Skiing,JPN,Masako ISHIDA
918, Curling,JPN,Chinami YOSHIDA
919, Curling,JPN,Kohsuke HIRATA
920, Curling,JPN,Kosuke MOROZUMI
921, Curling,JPN,Mari MOTOHASHI
922, Curling,JPN,Satsuki FUJISAWA
923, Curling,JPN,Tetsuro SHIMIZU
924, Curling,JPN,Tsuyoshi YAMAGUCHI
925, Curling,JPN,Yumi SUZUKI
926, Curling,JPN,Yurika YOSHIDA
927, Curling,JPN,Yusuke MOROZUMI
928, Figure Skating,JPN,Chris REED
929, Figure Skating,JPN,Kana MURAMOTO
930, Figure Skating,JPN,Kaori SAKAMOTO
931, Figure Skating,JPN,Keiji TANAKA
932, Figure Skating,JPN,Miu SUZAKI
933, Figure Skating,JPN,Ryuichi KIHARA
934, Figure Skating,JPN,Satoko MIYAHARA
935, Figure Skating,JPN,Shoma UNO
936, Figure Skating,JPN,Yuzuru HANYU
937, Freestyle Skiing,JPN,Arisa MURATA
938, Freestyle Skiing,JPN,Ayana ONOZUKA
939, Freestyle Skiing,JPN,Daichi HARA
940, Freestyle Skiing,JPN,Ikuma HORISHIMA
941, Freestyle Skiing,JPN,Naoya TABARA
942, Freestyle Skiing,JPN,Nobuyuki NISHI
943, Freestyle Skiing,JPN,Reina UMEHARA
944, Freestyle Skiing,JPN,Saori SUZUKI
945, Freestyle Skiing,JPN,Sho ENDO
946, Freestyle Skiing,JPN,Taisei YAMAMOTO
947, Freestyle Skiing,JPN,Yurie WATABE
948, Ice Hockey,JPN,Aina TAKEUCHI
949, Ice Hockey,JPN,Akane HOSOYAMADA
950, Ice Hockey,JPN,Akane KONISHI
951, Ice Hockey,JPN,Ami NAKAMURA
952, Ice Hockey,JPN,Aoi SHIGA
953, Ice Hockey,JPN,Ayaka TOKO
954, Ice Hockey,JPN,Chiho OSAWA
955, Ice Hockey,JPN,Hanae KUBO
956, Ice Hockey,JPN,Haruka TOKO
957, Ice Hockey,JPN,Haruna YONEYAMA
958, Ice Hockey,JPN,Mai KONDO
959, Ice Hockey,JPN,Miho SHISHIUCHI
960, Ice Hockey,JPN,Mika HORI
961, Ice Hockey,JPN,Moeko FUJIMOTO
962, Ice Hockey,JPN,Naho TERASHIMA
963, Ice Hockey,JPN,Nana FUJIMOTO
964, Ice Hockey,JPN,Rui UKITA
965, Ice Hockey,JPN,Sena SUZUKI
966, Ice Hockey,JPN,Shiori KOIKE
967, Ice Hockey,JPN,Shoko ONO
968, Ice Hockey,JPN,Suzuka TAKA
969, Ice Hockey,JPN,Tomomi IWAHARA
970, Ice Hockey,JPN,Yurie ADACHI
971, Nordic Combined,JPN,Akito WATABE
972, Nordic Combined,JPN,Go YAMAMOTO
973, Nordic Combined,JPN,Hideaki NAGAI
974, Nordic Combined,JPN,Takehiro WATANABE
975, Nordic Combined,JPN,Yoshito WATABE
976, Short Track Speed Skating,JPN,Ayuko ITO
977, Short Track Speed Skating,JPN,Hiroki YOKOYAMA
978, Short Track Speed Skating,JPN,Hitomi SAITO
979, Short Track Speed Skating,JPN,Kazuki YOSHINAGA
980, Short Track Speed Skating,JPN,Kei SAITO
981, Short Track Speed Skating,JPN,Keita WATANABE
982, Short Track Speed Skating,JPN,Ryosuke SAKAZUME
983, Short Track Speed Skating,JPN,Shione KAMINAGA
984, Short Track Speed Skating,JPN,Sumire KIKUCHI
985, Short Track Speed Skating,JPN,Yuki KIKUCHI
986, Skeleton,JPN,Hiroatsu TAKAHASHI
987, Skeleton,JPN,Katsuyuki MIYAJIMA
988, Skeleton,JPN,Takako OGUCHI
989, Ski Jumping,JPN,Daiki ITO
990, Ski Jumping,JPN,Junshiro KOBAYASHI
991, Ski Jumping,JPN,Kaori IWABUCHI
992, Ski Jumping,JPN,Noriaki KASAI
993, Ski Jumping,JPN,Ryoyu KOBAYASHI
994, Ski Jumping,JPN,Sara TAKANASHI
995, Ski Jumping,JPN,Taku TAKEUCHI
996, Ski Jumping,JPN,Yuka SETO
997, Ski Jumping,JPN,Yuki ITO
998, Snowboard,JPN,Asami HIRONO
999, Snowboard,JPN,Ayumu HIRANO
1000, Snowboard,JPN,Haruna MATSUMOTO