event,country,name
"  Alpine Skiing",AUS,"Dominic DEMSCHAR"
" Alpine Skiing",AUS,"Greta SMALL"
" Alpine Skiing",AUS,"Harry LAIDLAW"
" Bobsleigh",AUS,"David MARI"
" Bobsleigh",AUS,"Hayden SMITH"
" Bobsleigh",AUS,"Lachlan REIDY"
" Bobsleigh",AUS,"Lucas MATA"
" Cross-Country Skiing",AUS,"Aimee WATSON"
" Cross-Country Skiing",AUS,"Barbara JEZERSEK"
" Cross-Country Skiing",AUS,"Callum WATSON"
" Cross-Country Skiing",AUS,"Casey WRIGHT"
" Cross-Country Skiing",AUS,"Jessica YEATON"
" Cross-Country Skiing",AUS,"Phillip BELLINGHAM"
" Figure Skating",AUS,"Brendan KERRY"
" Figure Skating",AUS,"Ekaterina ALEXANDROVSKAYA"
" Figure Skating",AUS,"Harley WINDSOR"
" Figure Skating",AUS,"Kailani CRAINE"
" Freestyle Skiing",AUS,"Anton GRIMUS"
" Freestyle Skiing",AUS,"Britteny COX"
" Freestyle Skiing",AUS,"Brodie SUMMERS"
" Freestyle Skiing",AUS,"Claudia GUELI"
" Freestyle Skiing",AUS,"Danielle SCOTT"
" Freestyle Skiing",AUS,"David MORRIS"
" Freestyle Skiing",AUS,"Jakara ANTHONY"
" Freestyle Skiing",AUS,"James MATHESON"
" Freestyle Skiing",AUS,"Laura PEEL"
" Freestyle Skiing",AUS,"Lydia LASSILA"
" Freestyle Skiing",AUS,"Madii HIMBURY"
" Freestyle Skiing",AUS,"Matt GRAHAM"
" Freestyle Skiing",AUS,"Rohan CHAPMAN-DAVIES"
" Freestyle Skiing",AUS,"Russell HENSHAW"
" Freestyle Skiing",AUS,"Samantha WELLS"
" Freestyle Skiing",AUS,"Sami KENNEDY-SIM"
" Luge",AUS,"Alex FERLAZZO"
" Short Track Speed Skating",AUS,"Andy JUNG"
" Short Track Speed Skating",AUS,"Deanna LOCKETT"
" Skeleton",AUS,"Jackie NARRACOTT"
" Skeleton",AUS,"John FARROW"
" Snowboard",AUS,"Adam LAMBERT"
" Snowboard",AUS,"Alex PULLIN"
" Snowboard",AUS,"Belle BROCKHOFF"
" Snowboard",AUS,"Cameron BOLTON"
" Snowboard",AUS,"Emily ARTHUR"
" Snowboard",AUS,"Holly CRAWFORD"
" Snowboard",AUS,"Jarryd HUGHES"
" Snowboard",AUS,"Jessica RICH"
" Snowboard",AUS,"Kent CALLISTER"
" Snowboard",AUS,"Nathan JOHNSTONE"
" Snowboard",AUS,"Scotty JAMES"
" Speed Skating",AUS,"Daniel GREIG"
" Alpine Skiing",BRA,"Michel MACEDO"
" Bobsleigh",BRA,"Edson BINDILATTI"
" Bobsleigh",BRA,"Edson Ricardo MARTINS"
" Bobsleigh",BRA,"Odirlei PESSONI"
" Bobsleigh",BRA,"Rafael SOUZA DA SILVA"
" Cross-Country Skiing",BRA,"Jaqueline MOURAO"
" Cross-Country Skiing",BRA,"Victor SANTOS"
" Figure Skating",BRA,"Isadora WILLIAMS"
" Snowboard",BRA,"Isabel CLARK RIBEIRO"
" Alpine Skiing",CAN,"Benjamin THOMSEN"
" Alpine Skiing",CAN,"Broderick THOMPSON"
" Alpine Skiing",CAN,"Candace CRAWFORD"
" Alpine Skiing",CAN,"Dustin COOK"
" Alpine Skiing",CAN,"Erik READ"
" Alpine Skiing",CAN,"Erin MIELZYNSKI"
" Alpine Skiing",CAN,"James CRAWFORD"
" Alpine Skiing",CAN,"Laurence ST-GERMAIN"
" Alpine Skiing",CAN,"Manuel OSBORNE-PARADIS"
" Alpine Skiing",CAN,"Phil BROWN"
" Alpine Skiing",CAN,"Roni REMME"
" Alpine Skiing",CAN,"Trevor PHILP"
" Alpine Skiing",CAN,"Valerie GRENIER"
" Biathlon",CAN,"Brendan GREEN"
" Biathlon",CAN,"Christian GOW"
" Biathlon",CAN,"Emma LUNDER"
" Biathlon",CAN,"Julia RANSOM"
" Biathlon",CAN,"Macx DAVIES"
" Biathlon",CAN,"Megan TANDY"
" Biathlon",CAN,"Nathan SMITH"
" Biathlon",CAN,"Rosanna CRAWFORD"
" Biathlon",CAN,"Sarah BEAUDRY"
" Biathlon",CAN,"Scott GOW"
" Bobsleigh",CAN,"Alexander KOPACZ"
" Bobsleigh",CAN,"Alysia RISSLING"
" Bobsleigh",CAN,"Ben COAKWELL"
" Bobsleigh",CAN,"Bryan BARNETT"
" Bobsleigh",CAN,"Cameron STONES"
" Bobsleigh",CAN,"Christine DE BRUIN"
" Bobsleigh",CAN,"Christopher SPRING"
" Bobsleigh",CAN,"Heather MOYSE"
" Bobsleigh",CAN,"Jesse LUMSDEN"
" Bobsleigh",CAN,"Joshua KIRKPATRICK"
" Bobsleigh",CAN,"Justin KRIPPS"
" Bobsleigh",CAN,"Kaillie HUMPHRIES"
" Bobsleigh",CAN,"Lascelles BROWN"
" Bobsleigh",CAN,"Melissa LOTHOLZ"
" Bobsleigh",CAN,"Neville WRIGHT"
" Bobsleigh",CAN,"Nick POLONIATO"
" Bobsleigh",CAN,"Oluseyi SMITH"
" Bobsleigh",CAN,"Phylicia GEORGE"
" Cross-Country Skiing",CAN,"Alex HARVEY"
" Cross-Country Skiing",CAN,"Anne-Marie COMEAU"
" Cross-Country Skiing",CAN,"Cendrine BROWNE"
" Cross-Country Skiing",CAN,"Dahria BEATTY"
" Cross-Country Skiing",CAN,"Devon KERSHAW"
" Cross-Country Skiing",CAN,"Emily NISHIKAWA"
" Cross-Country Skiing",CAN,"Graeme KILLICK"
" Cross-Country Skiing",CAN,"Jesse COCKNEY"
" Cross-Country Skiing",CAN,"Knute JOHNSGAARD"
" Cross-Country Skiing",CAN,"Len VALJAS"
" Cross-Country Skiing",CAN,"Russell KENNEDY"
" Curling",CAN,"Ben HEBERT"
" Curling",CAN,"Brent LAING"
" Curling",CAN,"Cheryl BERNARD"
" Curling",CAN,"Emma MISKEW"
" Curling",CAN,"Joanne COURTNEY"
" Curling",CAN,"John MORRIS"
" Curling",CAN,"Kaitlyn LAWES"
" Curling",CAN,"Kevin KOE"
" Curling",CAN,"Lisa WEAGLE"
" Curling",CAN,"Marc KENNEDY"
" Curling",CAN,"Rachel HOMAN"
" Curling",CAN,"Scott PFEIFER"
" Figure Skating",CAN,"Andrew POJE"
" Figure Skating",CAN,"Charlie BILODEAU"
" Figure Skating",CAN,"Eric RADFORD"
" Figure Skating",CAN,"Gabrielle DALEMAN"
" Figure Skating",CAN,"Julianne SEGUIN"
" Figure Skating",CAN,"Kaetlyn OSMOND"
" Figure Skating",CAN,"Kaitlyn WEAVER"
" Figure Skating",CAN,"Keegan MESSING"
" Figure Skating",CAN,"Kirsten MOORE-TOWERS"
" Figure Skating",CAN,"Larkyn AUSTMAN"
" Figure Skating",CAN,"Meagan DUHAMEL"
" Figure Skating",CAN,"Michael MARINARO"
" Figure Skating",CAN,"Patrick CHAN"
" Figure Skating",CAN,"Paul POIRIER"
" Figure Skating",CAN,"Piper GILLES"
" Figure Skating",CAN,"Scott MOIR"
" Figure Skating",CAN,"Tessa VIRTUE"
" Freestyle Skiing",CAN,"Alex BEAULIEU-MARCHAND"
" Freestyle Skiing",CAN,"Alex BELLEMARE"
" Freestyle Skiing",CAN,"Andi NAUDE"
" Freestyle Skiing",CAN,"Audrey ROBICHAUD"
" Freestyle Skiing",CAN,"Brady LEMAN"
" Freestyle Skiing",CAN,"Brittany PHELAN"
" Freestyle Skiing",CAN,"Cassie SHARPE"
" Freestyle Skiing",CAN,"Catrine LAVALLEE"
" Freestyle Skiing",CAN,"Chloe DUFOUR-LAPOINTE"
" Freestyle Skiing",CAN,"Christopher DELBOSCO"
" Freestyle Skiing",CAN,"Dara HOWELL"
" Freestyle Skiing",CAN,"Dave DUNCAN"
" Freestyle Skiing",CAN,"Evan MCEACHRAN"
" Freestyle Skiing",CAN,"India SHERRET"
" Freestyle Skiing",CAN,"Justine DUFOUR-LAPOINTE"
" Freestyle Skiing",CAN,"Kelsey SERWA"
" Freestyle Skiing",CAN,"Kevin DRURY"
" Freestyle Skiing",CAN,"Kim LAMARRE"
" Freestyle Skiing",CAN,"Lewis IRVING"
" Freestyle Skiing",CAN,"Marc-Antoine GAGNON"
" Freestyle Skiing",CAN,"Marielle THOMPSON"
" Freestyle Skiing",CAN,"Mikael KINGSBURY"
" Freestyle Skiing",CAN,"Mike RIDDLE"
" Freestyle Skiing",CAN,"Noah BOWMAN"
" Freestyle Skiing",CAN,"Olivier ROCHON"
" Freestyle Skiing",CAN,"Philippe MARQUIS"
" Freestyle Skiing",CAN,"Rosalind GROENEWOUD"
" Freestyle Skiing",CAN,"Simon D'ARTOIS"
" Freestyle Skiing",CAN,"Teal HARLE"
" Freestyle Skiing",CAN,"Yuki TSUBOTA"
" Ice Hockey",CAN,"Andrew EBBETT"
" Ice Hockey",CAN,"Ann-Renee DESBIENS"
" Ice Hockey",CAN,"Bailey BRAM"
" Ice Hockey",CAN,"Ben SCRIVENS"
" Ice Hockey",CAN,"Blayre TURNBULL"
" Ice Hockey",CAN,"Brandon KOZUN"
" Ice Hockey",CAN,"Brianne JENNER"
" Ice Hockey",CAN,"Brigette LACQUETTE"
" Ice Hockey",CAN,"Chay GENOWAY"
" Ice Hockey",CAN,"Chris KELLY"
" Ice Hockey",CAN,"Chris LEE"
" Ice Hockey",CAN,"Christian THOMAS"
" Ice Hockey",CAN,"Cody GOLOUBEF"
" Ice Hockey",CAN,"Derek ROY"
" Ice Hockey",CAN,"Emily CLARK"
" Ice Hockey",CAN,"Eric O'DELL"
" Ice Hockey",CAN,"Genevieve LACASSE"
" Ice Hockey",CAN,"Gilbert BRULE"
" Ice Hockey",CAN,"Haley IRWIN"
" Ice Hockey",CAN,"Jennifer WAKEFIELD"
" Ice Hockey",CAN,"Jillian SAULNIER"
" Ice Hockey",CAN,"Jocelyne LAROCQUE"
" Ice Hockey",CAN,"Justin PETERS"
" Ice Hockey",CAN,"Karl STOLLERY"
" Ice Hockey",CAN,"Kevin POULIN"
" Ice Hockey",CAN,"Laura FORTINO"
" Ice Hockey",CAN,"Laura STACEY"
" Ice Hockey",CAN,"Lauriane ROUGEAU"
" Ice Hockey",CAN,"Linden VEY"
" Ice Hockey",CAN,"Marc-Andre GRAGNANI"
" Ice Hockey",CAN,"Marie-Philip POULIN"
" Ice Hockey",CAN,"Mason RAYMOND"
" Ice Hockey",CAN,"Mat ROBINSON"
" Ice Hockey",CAN,"Maxim LAPIERRE"
" Ice Hockey",CAN,"Maxim NOREAU"
" Ice Hockey",CAN,"Meaghan MIKKELSON"
" Ice Hockey",CAN,"Meghan AGOSTA"
" Ice Hockey",CAN,"Melodie DAOUST"
" Ice Hockey",CAN,"Natalie SPOONER"
" Ice Hockey",CAN,"Quinton HOWDEN"
" Ice Hockey",CAN,"Rebecca JOHNSTON"
" Ice Hockey",CAN,"Renata FAST"
" Ice Hockey",CAN,"Rene BOURQUE"
" Ice Hockey",CAN,"Rob KLINKHAMMER"
" Ice Hockey",CAN,"Sarah NURSE"
" Ice Hockey",CAN,"Shannon SZABADOS"
" Ice Hockey",CAN,"Stefan ELLIOTT"
" Ice Hockey",CAN,"Wojtek WOLSKI"
" Luge",CAN,"Alex GOUGH"
" Luge",CAN,"Brooke APSHKRUM"
" Luge",CAN,"Justin SNITH"
" Luge",CAN,"Kimberley MCRAE"
" Luge",CAN,"Mitchel MALYK"
" Luge",CAN,"Reid WATTS"
" Luge",CAN,"Sam EDNEY"
" Luge",CAN,"Tristan WALKER"
" Short Track Speed Skating",CAN,"Charle COURNOYER"
" Short Track Speed Skating",CAN,"Charles HAMELIN"
" Short Track Speed Skating",CAN,"Francois HAMELIN"
" Short Track Speed Skating",CAN,"Jamie MACDONALD"
" Short Track Speed Skating",CAN,"Kasandra BRADETTE"
" Short Track Speed Skating",CAN,"Kim BOUTIN"
" Short Track Speed Skating",CAN,"Marianne ST GELAIS"
" Short Track Speed Skating",CAN,"Pascal DION"
" Short Track Speed Skating",CAN,"Samuel GIRARD"
" Short Track Speed Skating",CAN,"Valerie MALTAIS"
" Skeleton",CAN,"Barrett MARTINEAU"
" Skeleton",CAN,"Dave GRESZCZYSZYN"
" Skeleton",CAN,"Elisabeth VATHJE"
" Skeleton",CAN,"Jane CHANNELL"
" Skeleton",CAN,"Kevin BOYER"
" Skeleton",CAN,"Mirela RAHNEVA"
" Ski Jumping",CAN,"Mackenzie BOYD-CLOWES"
" Ski Jumping",CAN,"Taylor HENRICH"
" Snowboard",CAN,"Baptiste BROCHU"
" Snowboard",CAN,"Brooke VOIGT"
" Snowboard",CAN,"Calynn IRWIN"
" Snowboard",CAN,"Carle BRENNEMAN"
" Snowboard",CAN,"Christopher ROBANSKE"
" Snowboard",CAN,"Darren GARDNER"
" Snowboard",CAN,"Derek LIVINGSTON"
" Snowboard",CAN,"Eliot GRONDIN"
" Snowboard",CAN,"Elizabeth HOSKING"
" Snowboard",CAN,"Jasey Jay ANDERSON"
" Snowboard",CAN,"Kevin HILL"
" Snowboard",CAN,"Laurie BLOUIN"
" Snowboard",CAN,"Mark MCMORRIS"
" Snowboard",CAN,"Max PARROT"
" Snowboard",CAN,"Mercedes NICOLL"
" Snowboard",CAN,"Meryeta ODINE"
" Snowboard",CAN,"Sebastien TOUTANT"
" Snowboard",CAN,"Spencer O'BRIEN"
" Snowboard",CAN,"Tess CRITCHLOW"
" Snowboard",CAN,"Tyler NICHOLSON"
" Snowboard",CAN,"Zoe BERGERMANN"
" Speed Skating",CAN,"Alex BOISVERT-LACROIX"
" Speed Skating",CAN,"Alexandre ST-JEAN"
" Speed Skating",CAN,"Benjamin DONNELLY"
" Speed Skating",CAN,"Brianne TUTT"
" Speed Skating",CAN,"Denny MORRISON"
" Speed Skating",CAN,"Gilmore JUNIO"
" Speed Skating",CAN,"Heather MCLEAN"
" Speed Skating",CAN,"Isabelle WEIDEMANN"
" Speed Skating",CAN,"Ivanie BLONDIN"
" Speed Skating",CAN,"Jordan BELCHOS"
" Speed Skating",CAN,"Josie MORRISON"
" Speed Skating",CAN,"Kali CHRIST"
" Speed Skating",CAN,"Kaylin IRVINE"
" Speed Skating",CAN,"Keri MORRISON"
" Speed Skating",CAN,"Laurent DUBREUIL"
" Speed Skating",CAN,"Marsha HUDEY"
" Speed Skating",CAN,"Olivier JEAN"
" Speed Skating",CAN,"Ted-Jan BLOEMEN"
" Speed Skating",CAN,"Vincent DE HAITRE"
" Alpine Skiing",CHN,"KONG Fanying"
" Alpine Skiing",CHN,"ZHANG Yangming"
" Biathlon",CHN,"TANG Jialin"
" Biathlon",CHN,"ZHANG Yan"
" Bobsleigh",CHN,"JIN Jian"
" Bobsleigh",CHN,"LI Chunjian"
" Bobsleigh",CHN,"SHAO Yijun"
" Bobsleigh",CHN,"SHI Hao"
" Bobsleigh",CHN,"WANG Sidong"
" Cross-Country Skiing",CHN,"CHI Chunxue"
" Cross-Country Skiing",CHN,"LI Xin"
" Cross-Country Skiing",CHN,"SUN Qinghai"
" Cross-Country Skiing",CHN,"WANG Qiang"
" Curling",CHN,"BA Dexin"
" Curling",CHN,"JIANG Xindi"
" Curling",CHN,"LIU Jinli"
" Curling",CHN,"MA Jingyi"
" Curling",CHN,"WANG Bingyu"
" Curling",CHN,"WANG Rui"
" Curling",CHN,"ZHOU Yan"
" Figure Skating",CHN,"HAN Cong"
" Figure Skating",CHN,"JIN Boyang"
" Figure Skating",CHN,"JIN Yang"
" Figure Skating",CHN,"LI Xiangning"
" Figure Skating",CHN,"LIU Xinyu"
" Figure Skating",CHN,"PENG Cheng"
" Figure Skating",CHN,"SUI Wenjing"
" Figure Skating",CHN,"WANG Shiyue"
" Figure Skating",CHN,"YAN Han"
" Figure Skating",CHN,"YU Xiaoyu"
" Figure Skating",CHN,"ZHANG Hao"
" Freestyle Skiing",CHN,"CHAI Hong"
" Freestyle Skiing",CHN,"GUAN Ziyan"
" Freestyle Skiing",CHN,"JIA Zongyang"
" Freestyle Skiing",CHN,"KONG Fanyu"
" Freestyle Skiing",CHN,"KONG Xiangrui"
" Freestyle Skiing",CHN,"LIU Zhongqing"
" Freestyle Skiing",CHN,"MAO Bingqiang"
" Freestyle Skiing",CHN,"QI Guangpu"
" Freestyle Skiing",CHN,"WANG Jin"
" Freestyle Skiing",CHN,"WANG Xindi"
" Freestyle Skiing",CHN,"WU Meng"
" Freestyle Skiing",CHN,"XU Mengtao"
" Freestyle Skiing",CHN,"YAN Ting"
" Freestyle Skiing",CHN,"ZHANG Kexin"
" Freestyle Skiing",CHN,"ZHANG Xin"
" Short Track Speed Skating",CHN,"CHEN Dequan"
" Short Track Speed Skating",CHN,"FAN Kexin"
" Short Track Speed Skating",CHN,"HAN Tianyu"
" Short Track Speed Skating",CHN,"HAN Yutong"
" Short Track Speed Skating",CHN,"LI Jinyu"
" Short Track Speed Skating",CHN,"QU Chunyu"
" Short Track Speed Skating",CHN,"REN Ziwei"
" Short Track Speed Skating",CHN,"WU Dajing"
" Short Track Speed Skating",CHN,"XU Hongzhi"
" Short Track Speed Skating",CHN,"ZHOU Yang"
" Skeleton",CHN,"GENG Wenqiang"
" Ski Jumping",CHN,"CHANG Xinyue"
" Snowboard",CHN,"CAI Xuetong"
" Snowboard",CHN,"GONG Naiying"
" Snowboard",CHN,"LI Shuang"
" Snowboard",CHN,"LIU Jiayu"
" Snowboard",CHN,"QIU Leng"
" Snowboard",CHN,"SHI Wancheng"
" Snowboard",CHN,"XU Xiaoxiao"
" Snowboard",CHN,"ZANG Ruxin"
" Snowboard",CHN,"ZHANG Yiwei"
" Speed Skating",CHN,"GAO Tingyu"
" Speed Skating",CHN,"GUO Dan"
" Speed Skating",CHN,"HAN Mei"
" Speed Skating",CHN,"HAO Jiachen"
" Speed Skating",CHN,"LI Dan"
" Speed Skating",CHN,"LIU Jing"
" Speed Skating",CHN,"TIAN Ruining"
" Speed Skating",CHN,"WANG Hongli"
" Speed Skating",CHN,"XIAKAINI Aerchenghazi"
" Speed Skating",CHN,"XIE Jiaxuan"
" Speed Skating",CHN,"YANG Tao"
" Speed Skating",CHN,"YU Jing"
" Speed Skating",CHN,"ZHANG Hong"
" Alpine Skiing",FIN,"Andreas ROMAR"
" Alpine Skiing",FIN,"Samu TORSTI"
" Biathlon",FIN,"Kaisa MAKARAINEN"
" Biathlon",FIN,"Laura TOIVANEN"
" Biathlon",FIN,"Mari LAUKKANEN"
" Biathlon",FIN,"Olli HIIDENSALO"
" Biathlon",FIN,"Suvi MINKKINEN"
" Biathlon",FIN,"Tero SEPPALA"
" Biathlon",FIN,"Tuomas GRONMAN"
" Biathlon",FIN,"Venla LEHTONEN"
" Cross-Country Skiing",FIN,"Aino-Kaisa SAARINEN"
" Cross-Country Skiing",FIN,"Anne KYLLOENEN"
" Cross-Country Skiing",FIN,"Anssi PENTSINEN"
" Cross-Country Skiing",FIN,"Antti OJANSIVU"
" Cross-Country Skiing",FIN,"Iivo NISKANEN"
" Cross-Country Skiing",FIN,"Johanna MATINTALO"
" Cross-Country Skiing",FIN,"Kerttu NISKANEN"
" Cross-Country Skiing",FIN,"Krista PARMAKOSKI"
" Cross-Country Skiing",FIN,"Lari LEHTONEN"
" Cross-Country Skiing",FIN,"Laura MONONEN"
" Cross-Country Skiing",FIN,"Lauri VUORINEN"
" Cross-Country Skiing",FIN,"Mari LAUKKANEN"
" Cross-Country Skiing",FIN,"Martti JYLHAE"
" Cross-Country Skiing",FIN,"Matti HEIKKINEN"
" Cross-Country Skiing",FIN,"Perttu HYVARINEN"
" Cross-Country Skiing",FIN,"Riitta-Liisa ROPONEN"
" Cross-Country Skiing",FIN,"Ristomatti HAKOLA"
" Cross-Country Skiing",FIN,"Toni KETELAE"
" Cross-Country Skiing",FIN,"Ville NOUSIAINEN"
" Curling",FIN,"Oona KAUSTE"
" Curling",FIN,"Tomi RANTAMAEKI"
" Figure Skating",FIN,"Emmi PELTONEN"
" Freestyle Skiing",FIN,"Jimi SALONEN"
" Freestyle Skiing",FIN,"Joona KANGAS"
" Freestyle Skiing",FIN,"Jussi PENTTALA"
" Ice Hockey",FIN,"Annina RAJAHUHTA"
" Ice Hockey",FIN,"Atte OHTAMAA"
" Ice Hockey",FIN,"Eeli TOLVANEN"
" Ice Hockey",FIN,"Ella VIITASUO"
" Ice Hockey",FIN,"Emma NUUTINEN"
" Ice Hockey",FIN,"Eveliina SUONPAA"
" Ice Hockey",FIN,"Isa RAHUNEN"
" Ice Hockey",FIN,"Jani LAJUNEN"
" Ice Hockey",FIN,"Jarno KOSKIRANTA"
" Ice Hockey",FIN,"Jenni HIIRIKOSKI"
" Ice Hockey",FIN,"Jonas ENLUND"
" Ice Hockey",FIN,"Joonas KEMPPAINEN"
" Ice Hockey",FIN,"Juha METSOLA"
" Ice Hockey",FIN,"Jukka PELTOLA"
" Ice Hockey",FIN,"Julius JUNTTILA"
" Ice Hockey",FIN,"Juuso HIETANEN"
" Ice Hockey",FIN,"Karri RAMO"
" Ice Hockey",FIN,"Lasse KUKKONEN"
" Ice Hockey",FIN,"Linda VALIMAKI"
" Ice Hockey",FIN,"Marko ANTTILA"
" Ice Hockey",FIN,"Meeri RAISANEN"
" Ice Hockey",FIN,"Michelle KARVINEN"
" Ice Hockey",FIN,"Miika KOIVISTO"
" Ice Hockey",FIN,"Mika PYORALA"
" Ice Hockey",FIN,"Mikko KOSKINEN"
" Ice Hockey",FIN,"Mikko LEHTONEN"
" Ice Hockey",FIN,"Minnamari TUOMINEN"
" Ice Hockey",FIN,"Mira JALOSUO"
" Ice Hockey",FIN,"Miro HEISKANEN"
" Ice Hockey",FIN,"Noora RATY"
" Ice Hockey",FIN,"Noora TULUS"
" Ice Hockey",FIN,"Oskar OSALA"
" Ice Hockey",FIN,"Petra NIEMINEN"
" Ice Hockey",FIN,"Petri KONTIOLA"
" Ice Hockey",FIN,"Riikka VALILA"
" Ice Hockey",FIN,"Ronja SAVOLAINEN"
" Ice Hockey",FIN,"Rosa LINDSTEDT"
" Ice Hockey",FIN,"Saila SAARI"
" Ice Hockey",FIN,"Sakari MANNINEN"
" Ice Hockey",FIN,"Sami LEPISTO"
" Ice Hockey",FIN,"Sanni HAKALA"
" Ice Hockey",FIN,"Sara SAKKINEN"
" Ice Hockey",FIN,"Susanna TAPANI"
" Ice Hockey",FIN,"Tanja NISKANEN"
" Ice Hockey",FIN,"Teemu HARTIKAINEN"
" Ice Hockey",FIN,"Tommi KIVISTO"
" Ice Hockey",FIN,"Veli-Matti SAVINAINEN"
" Ice Hockey",FIN,"Venla HOVI"
" Nordic Combined",FIN,"Arttu MAEKIAHO"
" Nordic Combined",FIN,"Eero HIRVONEN"
" Nordic Combined",FIN,"Hannu MANNINEN"
" Nordic Combined",FIN,"Ilkka HEROLA"
" Nordic Combined",FIN,"Leevi MUTRU"
" Ski Jumping",FIN,"Andreas ALAMOMMO"
" Ski Jumping",FIN,"Antti AALTO"
" Ski Jumping",FIN,"Eetu NOUSIAINEN"
" Ski Jumping",FIN,"Janne AHONEN"
" Ski Jumping",FIN,"Jarkko MAEAETTAE"
" Ski Jumping",FIN,"Julia KYKKANEN"
" Snowboard",FIN,"Anton LINDFORS"
" Snowboard",FIN,"Enni RUKAJARVI"
" Snowboard",FIN,"Janne KORPI"
" Snowboard",FIN,"Kalle JARVILEHTO"
" Snowboard",FIN,"Markus MALIN"
" Snowboard",FIN,"Peetu PIIROINEN"
" Snowboard",FIN,"Rene RINNEKANGAS"
" Snowboard",FIN,"Roope TONTERI"
" Speed Skating",FIN,"Elina RISKU"
" Speed Skating",FIN,"Mika POUTALA"
" Speed Skating",FIN,"Pekka KOSKELA"
"  Alpine Skiing",FRA,"Adeline BAUD MUGNIER"
" Alpine Skiing",FRA,"Adrien THEAUX"
" Alpine Skiing",FRA,"Alexis PINTURAULT"
" Alpine Skiing",FRA,"Anne-Sophie BARTHET"
" Alpine Skiing",FRA,"Blaise GIEZENDANNER"
" Alpine Skiing",FRA,"Brice ROGER"
" Alpine Skiing",FRA,"Clement NOEL"
" Alpine Skiing",FRA,"Jean-Baptiste GRANGE"
" Alpine Skiing",FRA,"Jennifer PIOT"
" Alpine Skiing",FRA,"Johan CLAREY"
" Alpine Skiing",FRA,"Julien LIZEROUX"
" Alpine Skiing",FRA,"Laura GAUCHE"
" Alpine Skiing",FRA,"Mathieu FAIVRE"
" Alpine Skiing",FRA,"Maxence MUZATON"
" Alpine Skiing",FRA,"Nastasia NOENS"
" Alpine Skiing",FRA,"Romane MIRADOLI"
" Alpine Skiing",FRA,"Taina BARIOZ"
" Alpine Skiing",FRA,"Tessa WORLEY"
" Alpine Skiing",FRA,"Thomas FANARA"
" Alpine Skiing",FRA,"Thomas MERMILLOD BLONDIN"
" Alpine Skiing",FRA,"Tiffany GAUTHIER"
" Alpine Skiing",FRA,"Victor MUFFAT-JEANDET"
" Biathlon",FRA,"Anais BESCOND"
" Biathlon",FRA,"Anais CHEVALIER"
" Biathlon",FRA,"Antonin GUIGONNAT"
" Biathlon",FRA,"Celia AYMONIER"
" Biathlon",FRA,"Emilien JACQUELIN"
" Biathlon",FRA,"Julia SIMON"
" Biathlon",FRA,"Justine BRAISAZ"
" Biathlon",FRA,"Marie DORIN HABERT"
" Biathlon",FRA,"Martin FOURCADE"
" Biathlon",FRA,"Quentin FILLON MAILLET"
" Biathlon",FRA,"Simon DESTHIEUX"
" Biathlon",FRA,"Simon FOURCADE"
" Bobsleigh",FRA,"Dorian HAUTERVILLE"
" Bobsleigh",FRA,"Loic COSTERG"
" Bobsleigh",FRA,"Romain HEINRICH"
" Bobsleigh",FRA,"Vincent CASTELL"
" Bobsleigh",FRA,"Vincent RICARD"
" Cross-Country Skiing",FRA,"Adrien BACKSCHEIDER"
" Cross-Country Skiing",FRA,"Anouk FAIVRE PICON"
" Cross-Country Skiing",FRA,"Aurore JEAN"
" Cross-Country Skiing",FRA,"Baptiste GROS"
" Cross-Country Skiing",FRA,"Clement PARISSE"
" Cross-Country Skiing",FRA,"Coraline THOMAS HUGUE"
" Cross-Country Skiing",FRA,"Damien TARANTOLA"
" Cross-Country Skiing",FRA,"Delphine CLAUDEL"
" Cross-Country Skiing",FRA,"Jean Marc GAILLARD"
" Cross-Country Skiing",FRA,"Jules LAPIERRE"
" Cross-Country Skiing",FRA,"Lucas CHANAVAT"
" Cross-Country Skiing",FRA,"Maurice MANIFICAT"
" Cross-Country Skiing",FRA,"Richard JOUVE"
" Figure Skating",FRA,"Chafik BESSEGHIER"
" Figure Skating",FRA,"Gabriella PAPADAKIS"
" Figure Skating",FRA,"Guillaume CIZERON"
" Figure Skating",FRA,"Mae Berenice MEITE"
" Figure Skating",FRA,"Marie-Jade LAURIAULT"
" Figure Skating",FRA,"Morgan CIPRES"
" Figure Skating",FRA,"Romain LE GAC"
" Figure Skating",FRA,"Vanessa JAMES"
" Freestyle Skiing",FRA,"Alizee BARON"
" Freestyle Skiing",FRA,"Anais CARADEUX"
" Freestyle Skiing",FRA,"Anthony BENNA"
" Freestyle Skiing",FRA,"Antoine ADELISSE"
" Freestyle Skiing",FRA,"Arnaud BOVOLENTA"
" Freestyle Skiing",FRA,"Benjamin CAVET"
" Freestyle Skiing",FRA,"Benoit BURATTI"
" Freestyle Skiing",FRA,"Camille CABROL"
" Freestyle Skiing",FRA,"Francois PLACE"
" Freestyle Skiing",FRA,"Jean Frederic CHAPUIS"
" Freestyle Skiing",FRA,"Kevin ROLLAND"
" Freestyle Skiing",FRA,"Lou BARIN"
" Freestyle Skiing",FRA,"Marie MARTINOD"
" Freestyle Skiing",FRA,"Marielle BERGER SABBATEL"
" Freestyle Skiing",FRA,"Perrine LAFFONT"
" Freestyle Skiing",FRA,"Sacha THEOCHARIS"
" Freestyle Skiing",FRA,"Terence TCHIKNAVORIAN"
" Freestyle Skiing",FRA,"Tess LEDEUX"
" Freestyle Skiing",FRA,"Thomas KRIEF"
" Nordic Combined",FRA,"Antoine GERARD"
" Nordic Combined",FRA,"Francois BRAUD"
" Nordic Combined",FRA,"Jason LAMY CHAPPUIS"
" Nordic Combined",FRA,"Laurent MUHLETHALER"
" Nordic Combined",FRA,"Maxime LAHEURTE"
" Short Track Speed Skating",FRA,"Sebastien LEPAPE"
" Short Track Speed Skating",FRA,"Thibaut FAUCONNET"
" Short Track Speed Skating",FRA,"Tifany HUOT MARCHAND"
" Short Track Speed Skating",FRA,"Veronique PIERRON"
" Ski Jumping",FRA,"Jonathan LEAROYD"
" Ski Jumping",FRA,"Lea LEMARE"
" Ski Jumping",FRA,"Lucile MORAT"
" Ski Jumping",FRA,"Vincent DESCOMBES SEVOIE"
" Snowboard",FRA,"Charlotte BANKES"
" Snowboard",FRA,"Chloe TRESPEUCH"
" Snowboard",FRA,"Clemence GRIMAL"
" Snowboard",FRA,"Julia PEREIRA DE SOUSA MABILEAU"
" Snowboard",FRA,"Ken VUAGNOUX"
" Snowboard",FRA,"Loan BOZZOLO"
" Snowboard",FRA,"Lucile LEFEVRE"
" Snowboard",FRA,"Merlin SURGET"
" Snowboard",FRA,"Mirabelle THOVEX"
" Snowboard",FRA,"Nelly MOENNE LOCCOZ"
" Snowboard",FRA,"Pierre VAULTIER"
" Snowboard",FRA,"Sophie RODRIGUEZ"
" Snowboard",FRA,"Sylvain DUFOUR"
" Speed Skating",FRA,"Alexis CONTIN"
" Alpine Skiing",GBR,"Alex TILLEY"
" Alpine Skiing",GBR,"Charlie GUEST"
" Alpine Skiing",GBR,"Dave RYDING"
" Alpine Skiing",GBR,"Laurie TAYLOR"
" Biathlon",GBR,"Amanda LIGHTFOOT"
" Bobsleigh",GBR,"Andrew MATTHEWS"
" Bobsleigh",GBR,"Ben SIMONS"
" Bobsleigh",GBR,"Brad HALL"
" Bobsleigh",GBR,"Greg CACKETT"
" Bobsleigh",GBR,"Joel FEARON"
" Bobsleigh",GBR,"Lamin DEEN"
" Bobsleigh",GBR,"Mica MCNEILL"
" Bobsleigh",GBR,"Mica MOORE"
" Bobsleigh",GBR,"Nick GLEESON"
" Bobsleigh",GBR,"Toby OLUBI"
" Cross-Country Skiing",GBR,"Andrew MUSGRAVE"
" Cross-Country Skiing",GBR,"Andrew YOUNG"
" Cross-Country Skiing",GBR,"Annika TAYLOR"
" Cross-Country Skiing",GBR,"Callum SMITH"
" Curling",GBR,"Anna SLOAN"
" Curling",GBR,"Cameron SMITH"
" Curling",GBR,"Eve MUIRHEAD"
" Curling",GBR,"Glen MUIRHEAD"
" Curling",GBR,"Kelly SCHAFER"
" Curling",GBR,"Kyle SMITH"
" Curling",GBR,"Kyle WADDELL"
" Curling",GBR,"Lauren GRAY"
" Curling",GBR,"Thomas MUIRHEAD"
" Curling",GBR,"Vicki ADAMS"
" Figure Skating",GBR,"Nicholas BUCKLAND"
" Figure Skating",GBR,"Penny COOMES"
" Freestyle Skiing",GBR,"Alexander GLAVATSKY-YEADON"
" Freestyle Skiing",GBR,"Emily SARSFIELD"
" Freestyle Skiing",GBR,"Isabel ATKIN"
" Freestyle Skiing",GBR,"James WOODS"
" Freestyle Skiing",GBR,"Katie SUMMERHAYES"
" Freestyle Skiing",GBR,"Lloyd WALLACE"
" Freestyle Skiing",GBR,"Molly SUMMERHAYES"
" Freestyle Skiing",GBR,"Murray BUCHAN"
" Freestyle Skiing",GBR,"Peter SPEIGHT"
" Freestyle Skiing",GBR,"Rowan CHESHIRE"
" Freestyle Skiing",GBR,"Tyler HARDING"
" Luge",GBR,"Adam ROSEN"
" Luge",GBR,"Rupert STAUDINGER"
" Short Track Speed Skating",GBR,"Charlotte GILMARTIN"
" Short Track Speed Skating",GBR,"Elise CHRISTIE"
" Short Track Speed Skating",GBR,"Farrell TREACY"
" Short Track Speed Skating",GBR,"Josh CHEETHAM"
" Short Track Speed Skating",GBR,"Kathryn THOMSON"
" Skeleton",GBR,"Dom PARSONS"
" Skeleton",GBR,"Jerry RICE"
" Skeleton",GBR,"Laura DEAS"
" Skeleton",GBR,"Lizzy YARNOLD"
" Snowboard",GBR,"Aimee FULLER"
" Snowboard",GBR,"Billy MORGAN"
" Snowboard",GBR,"Jamie NICHOLLS"
" Snowboard",GBR,"Rowan COULTAS"
" Snowboard",GBR,"Zoe GILLINGS-BRIER"
" Alpine Skiing",GER,"Alexander SCHMID"
" Alpine Skiing",GER,"Andreas SANDER"
" Alpine Skiing",GER,"Christina GEIGER"
" Alpine Skiing",GER,"Fritz DOPFER"
" Alpine Skiing",GER,"Josef FERSTL"
" Alpine Skiing",GER,"Kira WEIDLE"
" Alpine Skiing",GER,"Lena DUERR"
" Alpine Skiing",GER,"Linus STRASSER"
" Alpine Skiing",GER,"Marina WALLNER"
" Alpine Skiing",GER,"Thomas DRESSEN"
" Alpine Skiing",GER,"Viktoria REBENSBURG"
" Biathlon",GER,"Arnd PEIFFER"
" Biathlon",GER,"Benedikt DOLL"
" Biathlon",GER,"Denise HERRMANN"
" Biathlon",GER,"Erik LESSER"
" Biathlon",GER,"Franziska HILDEBRAND"
" Biathlon",GER,"Franziska PREUSS"
" Biathlon",GER,"Johannes KUEHN"
" Biathlon",GER,"Laura DAHLMEIER"
" Biathlon",GER,"Maren HAMMERSCHMIDT"
" Biathlon",GER,"Roman REES"
" Biathlon",GER,"Simon SCHEMPP"
" Biathlon",GER,"Vanessa HINZ"
" Bobsleigh",GER,"Alexander ROEDIGER"
" Bobsleigh",GER,"Anna KOEHLER"
" Bobsleigh",GER,"Annika DRAZEK"
" Bobsleigh",GER,"Candy BAUER"
" Bobsleigh",GER,"Christian POSER"
" Bobsleigh",GER,"Christian RASP"
" Bobsleigh",GER,"Christopher WEBER"
" Bobsleigh",GER,"Eric FRANKE"
" Bobsleigh",GER,"Erline NOLTE"
" Bobsleigh",GER,"Francesco FRIEDRICH"
" Bobsleigh",GER,"Johannes LOCHNER"
" Bobsleigh",GER,"Kevin KUSKE"
" Bobsleigh",GER,"Lisa BUCKWITZ"
" Bobsleigh",GER,"Mariama JAMANKA"
" Bobsleigh",GER,"Martin GROTHKOPP"
" Bobsleigh",GER,"Nico WALTHER"
" Bobsleigh",GER,"Stephanie SCHNEIDER"
" Bobsleigh",GER,"Thorsten MARGIS"
" Cross-Country Skiing",GER,"Andreas KATZ"
" Cross-Country Skiing",GER,"Anne WINKLER"
" Cross-Country Skiing",GER,"Elisabeth SCHICHO"
" Cross-Country Skiing",GER,"Florian NOTZ"
" Cross-Country Skiing",GER,"Hanna KOLB"
" Cross-Country Skiing",GER,"Jonas DOBLER"
" Cross-Country Skiing",GER,"Katharina HENNIG"
" Cross-Country Skiing",GER,"Lucas BOEGL"
" Cross-Country Skiing",GER,"Nicole FESSEL"
" Cross-Country Skiing",GER,"Pia FINK"
" Cross-Country Skiing",GER,"Sandra RINGWALD"
" Cross-Country Skiing",GER,"Sebastian EISENLAUER"
" Cross-Country Skiing",GER,"Stefanie BOEHLER"
" Cross-Country Skiing",GER,"Thomas BING"
" Cross-Country Skiing",GER,"Thomas WICK"
" Cross-Country Skiing",GER,"Victoria CARL"
" Figure Skating",GER,"Aljona SAVCHENKO"
" Figure Skating",GER,"Annika HOCKE"
" Figure Skating",GER,"Bruno MASSOT"
" Figure Skating",GER,"Joti POLIZOAKIS"
" Figure Skating",GER,"Kavita LORENZ"
" Figure Skating",GER,"Nicole SCHOTT"
" Figure Skating",GER,"Paul FENTZ"
" Figure Skating",GER,"Ruben BLOMMAERT"
" Freestyle Skiing",GER,"Florian WILMSMANN"
" Freestyle Skiing",GER,"Julia EICHINGER"
" Freestyle Skiing",GER,"Katharina FOERSTER"
" Freestyle Skiing",GER,"Kea KUEHNEL"
" Freestyle Skiing",GER,"Lea BOUARD"
" Freestyle Skiing",GER,"Paul ECKERT"
" Freestyle Skiing",GER,"Sabrina CAKMAKLI"
" Freestyle Skiing",GER,"Tim HRONEK"
" Ice Hockey",GER,"Bjorn KRUPP"
" Ice Hockey",GER,"Brooks MACEK"
" Ice Hockey",GER,"Christian EHRHOFF"
" Ice Hockey",GER,"Danny AUS DEN BIRKEN"
" Ice Hockey",GER,"Daryl BOYLE"
" Ice Hockey",GER,"David WOLF"
" Ice Hockey",GER,"Dennis ENDRAS"
" Ice Hockey",GER,"Dominik KAHUN"
" Ice Hockey",GER,"Felix SCHUTZ"
" Ice Hockey",GER,"Frank HORDLER"
" Ice Hockey",GER,"Frank MAUER"
" Ice Hockey",GER,"Gerrit FAUSER"
" Ice Hockey",GER,"Jonas MULLER"
" Ice Hockey",GER,"Leonhard PFODERL"
" Ice Hockey",GER,"Marcel GOC"
" Ice Hockey",GER,"Marcel NOEBELS"
" Ice Hockey",GER,"Marcus KINK"
" Ice Hockey",GER,"Matthias PLACHTA"
" Ice Hockey",GER,"Moritz MULLER"
" Ice Hockey",GER,"Patrick HAGER"
" Ice Hockey",GER,"Patrick REIMER"
" Ice Hockey",GER,"Sinan AKDAG"
" Ice Hockey",GER,"Timo PIELMEIER"
" Ice Hockey",GER,"Yannic SEIDENBERG"
" Ice Hockey",GER,"Yasin EHLIZ"
" Luge",GER,"Andi LANGENHAN"
" Luge",GER,"Dajana EITBERGER"
" Luge",GER,"Felix LOCH"
" Luge",GER,"Johannes LUDWIG"
" Luge",GER,"Natalie GEISENBERGER"
" Luge",GER,"Sascha BENECKEN"
" Luge",GER,"Tatjana HUEFNER"
" Luge",GER,"Tobias ARLT"
" Luge",GER,"Tobias WENDL"
" Luge",GER,"Toni EGGERT"
" Nordic Combined",GER,"Bjoern KIRCHEISEN"
" Nordic Combined",GER,"Eric FRENZEL"
" Nordic Combined",GER,"Fabian RIESSLE"
" Nordic Combined",GER,"Johannes RYDZEK"
" Nordic Combined",GER,"Vinzenz GEIGER"
" Short Track Speed Skating",GER,"Anna SEIDEL"
" Short Track Speed Skating",GER,"Bianca WALTER"
" Skeleton",GER,"Alexander GASSNER"
" Skeleton",GER,"Anna FERNSTAEDT"
" Skeleton",GER,"Axel JUNGK"
" Skeleton",GER,"Christopher GROTHEER"
" Skeleton",GER,"Jacqueline LOELLING"
" Skeleton",GER,"Tina HERMANN"
" Ski Jumping",GER,"Andreas WELLINGER"
" Ski Jumping",GER,"Carina VOGT"
" Ski Jumping",GER,"Juliane SEYFARTH"
" Ski Jumping",GER,"Karl GEIGER"
" Ski Jumping",GER,"Katharina ALTHAUS"
" Ski Jumping",GER,"Markus EISENBICHLER"
" Ski Jumping",GER,"Ramona STRAUB"
" Ski Jumping",GER,"Richard FREITAG"
" Ski Jumping",GER,"Stephan LEYHE"
" Snowboard",GER,"Alexander BERGMANN"
" Snowboard",GER,"Anke WOEHRER"
" Snowboard",GER,"Carolin LANGENHORST"
" Snowboard",GER,"Jana FISCHER"
" Snowboard",GER,"Johannes HOEPFL"
" Snowboard",GER,"Konstantin SCHAD"
" Snowboard",GER,"Martin NOERL"
" Snowboard",GER,"Patrick BUSSLER"
" Snowboard",GER,"Paul BERG"
" Snowboard",GER,"Ramona Theresia HOFMEISTER"
" Snowboard",GER,"Selina JOERG"
" Snowboard",GER,"Silvia MITTERMUELLER"
" Snowboard",GER,"Stefan BAUMEISTER"
" Speed Skating",GER,"Claudia PECHSTEIN"
" Speed Skating",GER,"Gabriele HIRSCHBICHLER"
" Speed Skating",GER,"Joel DUFTER"
" Speed Skating",GER,"Judith DANNHAUER"
" Speed Skating",GER,"Michelle UHRIG"
" Speed Skating",GER,"Moritz GEISREITER"
" Speed Skating",GER,"Nico IHLE"
" Speed Skating",GER,"Patrick BECKERT"
" Speed Skating",GER,"Roxanne DUFTER"
" Alpine Skiing",ITA,"Alex VINATZER"
" Alpine Skiing",ITA,"Chiara COSTAZZA"
" Alpine Skiing",ITA,"Christof INNERHOFER"
" Alpine Skiing",ITA,"Dominik PARIS"
" Alpine Skiing",ITA,"Emanuele BUZZI"
" Alpine Skiing",ITA,"Federica BRIGNONE"
" Alpine Skiing",ITA,"Florian EISATH"
" Alpine Skiing",ITA,"Irene CURTONI"
" Alpine Skiing",ITA,"Johanna SCHNARF"
" Alpine Skiing",ITA,"Luca DE ALIPRANDINI"
" Alpine Skiing",ITA,"Manfred MOELGG"
" Alpine Skiing",ITA,"Manuela MOELGG"
" Alpine Skiing",ITA,"Marta BASSINO"
" Alpine Skiing",ITA,"Matteo MARSAGLIA"
" Alpine Skiing",ITA,"Nadia FANCHINI"
" Alpine Skiing",ITA,"Nicol DELAGO"
" Alpine Skiing",ITA,"Peter FILL"
" Alpine Skiing",ITA,"Riccardo TONETTI"
" Alpine Skiing",ITA,"Sofia GOGGIA"
" Alpine Skiing",ITA,"Stefano GROSS"
" Biathlon",ITA,"Alexia RUNGGALDIER"
" Biathlon",ITA,"Dominik WINDISCH"
" Biathlon",ITA,"Dorothea WIERER"
" Biathlon",ITA,"Federica SANFILIPPO"
" Biathlon",ITA,"Giuseppe MONTELLO"
" Biathlon",ITA,"Karin OBERHOFER"
" Biathlon",ITA,"Lisa VITTOZZI"
" Biathlon",ITA,"Lukas HOFER"
" Biathlon",ITA,"Nicole GONTIER"
" Biathlon",ITA,"Thierry CHENAL"
" Biathlon",ITA,"Thomas BORMOLINI"
" Bobsleigh",ITA,"Francesco COSTA"
" Bobsleigh",ITA,"Lorenzo BILOTTI"
" Bobsleigh",ITA,"Simone BERTAZZO"
" Bobsleigh",ITA,"Simone FONTANA"
" Cross-Country Skiing",ITA,"Anna COMARELLA"
" Cross-Country Skiing",ITA,"Dietmar NOECKLER"
" Cross-Country Skiing",ITA,"Elisa BROCARD"
" Cross-Country Skiing",ITA,"Federico PELLEGRINO"
" Cross-Country Skiing",ITA,"Francesco DE FABIANI"
" Cross-Country Skiing",ITA,"Gaia VUERICH"
" Cross-Country Skiing",ITA,"Giandomenico SALVADORI"
" Cross-Country Skiing",ITA,"Greta LAURENT"
" Cross-Country Skiing",ITA,"Ilaria DEBERTOLIS"
" Cross-Country Skiing",ITA,"Lucia SCARDONI"
" Cross-Country Skiing",ITA,"Maicol RASTELLI"
" Cross-Country Skiing",ITA,"Mirco BERTOLINA"
" Cross-Country Skiing",ITA,"Sara PELLEGRINI"
" Cross-Country Skiing",ITA,"Sergio RIGONI"
" Cross-Country Skiing",ITA,"Stefan ZELGER"
" Curling",ITA,"Amos MOSANER"
" Curling",ITA,"Andrea PILZER"
" Curling",ITA,"Daniele FERRAZZA"
" Curling",ITA,"Joel RETORNAZ"
" Curling",ITA,"Simone GONIN"
" Figure Skating",ITA,"Anna CAPPELLINI"
" Figure Skating",ITA,"Carolina KOSTNER"
" Figure Skating",ITA,"Charlene GUIGNARD"
" Figure Skating",ITA,"Giada RUSSO"
" Figure Skating",ITA,"Luca LANOTTE"
" Figure Skating",ITA,"Marco FABBRI"
" Figure Skating",ITA,"Matteo GUARISE"
" Figure Skating",ITA,"Matteo RIZZO"
" Figure Skating",ITA,"Nicole DELLA MONICA"
" Figure Skating",ITA,"Ondrej HOTAREK"
" Figure Skating",ITA,"Valentina MARCHEI"
" Freestyle Skiing",ITA,"Debora PIXNER"
" Freestyle Skiing",ITA,"Lucrezia FANTELLI"
" Freestyle Skiing",ITA,"Siegmar KLOTZ"
" Freestyle Skiing",ITA,"Stefan THANEI"
" Luge",ITA,"Andrea VOETTER"
" Luge",ITA,"Dominik FISCHNALLER"
" Luge",ITA,"Emanuel RIEDER"
" Luge",ITA,"Fabian MALLEIER"
" Luge",ITA,"Ivan NAGLER"
" Luge",ITA,"Kevin FISCHNALLER"
" Luge",ITA,"Ludwig RIEDER"
" Luge",ITA,"Patrick RASTNER"
" Luge",ITA,"Sandra ROBATSCHER"
" Nordic Combined",ITA,"Aaron KOSTNER"
" Nordic Combined",ITA,"Alessandro PITTIN"
" Nordic Combined",ITA,"Lukas RUNGGALDIER"
" Nordic Combined",ITA,"Raffaele BUZZI"
" Short Track Speed Skating",ITA,"Arianna FONTANA"
" Short Track Speed Skating",ITA,"Cecilia MAFFEI"
" Short Track Speed Skating",ITA,"Cynthia MASCITTO"
" Short Track Speed Skating",ITA,"Lucia PERETTI"
" Short Track Speed Skating",ITA,"Martina VALCEPINA"
" Short Track Speed Skating",ITA,"Tommaso DOTTI"
" Short Track Speed Skating",ITA,"Yuri CONFORTOLA"
" Skeleton",ITA,"Joseph Luke CECCHINI"
" Ski Jumping",ITA,"Alex INSAM"
" Ski Jumping",ITA,"Davide BRESADOLA"
" Ski Jumping",ITA,"Elena RUNGGALDIER"
" Ski Jumping",ITA,"Evelyn INSAM"
" Ski Jumping",ITA,"Federico CECON"
" Ski Jumping",ITA,"Lara MALSINER"
" Ski Jumping",ITA,"Manuela MALSINER"
" Ski Jumping",ITA,"Sebastian COLLOREDO"
" Snowboard",ITA,"Aaron MARCH"
" Snowboard",ITA,"Alberto MAFFEI"
" Snowboard",ITA,"Edwin CORATTI"
" Snowboard",ITA,"Emanuel PERATHONER"
" Snowboard",ITA,"Lorenzo SOMMARIVA"
" Snowboard",ITA,"Michela MOIOLI"
" Snowboard",ITA,"Michele GODINO"
" Snowboard",ITA,"Mirko FELICETTI"
" Snowboard",ITA,"Nadya OCHNER"
" Snowboard",ITA,"Omar VISINTIN"
" Snowboard",ITA,"Raffaella BRUTTO"
" Snowboard",ITA,"Roland FISCHNALLER"
" Speed Skating",ITA,"Andrea GIOVANNINI"
" Speed Skating",ITA,"Davide GHIOTTO"
" Speed Skating",ITA,"Francesca BETTRONE"
" Speed Skating",ITA,"Francesca LOLLOBRIGIDA"
" Speed Skating",ITA,"Michele MALFATTI"
" Speed Skating",ITA,"Mirko Giacomo NENZI"
" Speed Skating",ITA,"Nicola TUMOLERO"
" Speed Skating",ITA,"Riccardo BUGARI"
" Speed Skating",ITA,"Yvonne DALDOSSI"
"  Alpine Skiing",JPN,"Asa ANDO"
" Alpine Skiing",JPN,"Haruna ISHIKAWA"
" Alpine Skiing",JPN,"Naoki YUASA"
" Alpine Skiing",JPN,"Tomoya ISHII"
" Biathlon",JPN,"Asuka HACHISUKA"
" Biathlon",JPN,"Fuyuko TACHIZAKI"
" Biathlon",JPN,"Mikito TACHIZAKI"
" Biathlon",JPN,"Rina MITSUHASHI"
" Biathlon",JPN,"Sari FURUYA"
" Biathlon",JPN,"Yurie TANAKA"
" Cross-Country Skiing",JPN,"Keishin YOSHIDA"
" Cross-Country Skiing",JPN,"Masako ISHIDA"
" Curling",JPN,"Chinami YOSHIDA"
" Curling",JPN,"Kohsuke HIRATA"
" Curling",JPN,"Kosuke MOROZUMI"
" Curling",JPN,"Mari MOTOHASHI"
" Curling",JPN,"Satsuki FUJISAWA"
" Curling",JPN,"Tetsuro SHIMIZU"
" Curling",JPN,"Tsuyoshi YAMAGUCHI"
" Curling",JPN,"Yumi SUZUKI"
" Curling",JPN,"Yurika YOSHIDA"
" Curling",JPN,"Yusuke MOROZUMI"
" Figure Skating",JPN,"Chris REED"
" Figure Skating",JPN,"Kana MURAMOTO"
" Figure Skating",JPN,"Kaori SAKAMOTO"
" Figure Skating",JPN,"Keiji TANAKA"
" Figure Skating",JPN,"Miu SUZAKI"
" Figure Skating",JPN,"Ryuichi KIHARA"
" Figure Skating",JPN,"Satoko MIYAHARA"
" Figure Skating",JPN,"Shoma UNO"
" Figure Skating",JPN,"Yuzuru HANYU"
" Freestyle Skiing",JPN,"Arisa MURATA"
" Freestyle Skiing",JPN,"Ayana ONOZUKA"
" Freestyle Skiing",JPN,"Daichi HARA"
" Freestyle Skiing",JPN,"Ikuma HORISHIMA"
" Freestyle Skiing",JPN,"Naoya TABARA"
" Freestyle Skiing",JPN,"Nobuyuki NISHI"
" Freestyle Skiing",JPN,"Reina UMEHARA"
" Freestyle Skiing",JPN,"Saori SUZUKI"
" Freestyle Skiing",JPN,"Sho ENDO"
" Freestyle Skiing",JPN,"Taisei YAMAMOTO"
" Freestyle Skiing",JPN,"Yurie WATABE"
" Ice Hockey",JPN,"Aina TAKEUCHI"
" Ice Hockey",JPN,"Akane HOSOYAMADA"
" Ice Hockey",JPN,"Akane KONISHI"
" Ice Hockey",JPN,"Ami NAKAMURA"
" Ice Hockey",JPN,"Aoi SHIGA"
" Ice Hockey",JPN,"Ayaka TOKO"
" Ice Hockey",JPN,"Chiho OSAWA"
" Ice Hockey",JPN,"Hanae KUBO"
" Ice Hockey",JPN,"Haruka TOKO"
" Ice Hockey",JPN,"Haruna YONEYAMA"
" Ice Hockey",JPN,"Mai KONDO"
" Ice Hockey",JPN,"Miho SHISHIUCHI"
" Ice Hockey",JPN,"Mika HORI"
" Ice Hockey",JPN,"Moeko FUJIMOTO"
" Ice Hockey",JPN,"Naho TERASHIMA"
" Ice Hockey",JPN,"Nana FUJIMOTO"
" Ice Hockey",JPN,"Rui UKITA"
" Ice Hockey",JPN,"Sena SUZUKI"
" Ice Hockey",JPN,"Shiori KOIKE"
" Ice Hockey",JPN,"Shoko ONO"
" Ice Hockey",JPN,"Suzuka TAKA"
" Ice Hockey",JPN,"Tomomi IWAHARA"
" Ice Hockey",JPN,"Yurie ADACHI"
" Nordic Combined",JPN,"Akito WATABE"
" Nordic Combined",JPN,"Go YAMAMOTO"
" Nordic Combined",JPN,"Hideaki NAGAI"
" Nordic Combined",JPN,"Takehiro WATANABE"
" Nordic Combined",JPN,"Yoshito WATABE"
" Short Track Speed Skating",JPN,"Ayuko ITO"
" Short Track Speed Skating",JPN,"Hiroki YOKOYAMA"
" Short Track Speed Skating",JPN,"Hitomi SAITO"
" Short Track Speed Skating",JPN,"Kazuki YOSHINAGA"
" Short Track Speed Skating",JPN,"Kei SAITO"
" Short Track Speed Skating",JPN,"Keita WATANABE"
" Short Track Speed Skating",JPN,"Ryosuke SAKAZUME"
" Short Track Speed Skating",JPN,"Shione KAMINAGA"
" Short Track Speed Skating",JPN,"Sumire KIKUCHI"
" Short Track Speed Skating",JPN,"Yuki KIKUCHI"
" Skeleton",JPN,"Hiroatsu TAKAHASHI"
" Skeleton",JPN,"Katsuyuki MIYAJIMA"
" Skeleton",JPN,"Takako OGUCHI"
" Ski Jumping",JPN,"Daiki ITO"
" Ski Jumping",JPN,"Junshiro KOBAYASHI"
" Ski Jumping",JPN,"Kaori IWABUCHI"
" Ski Jumping",JPN,"Noriaki KASAI"
" Ski Jumping",JPN,"Ryoyu KOBAYASHI"
" Ski Jumping",JPN,"Sara TAKANASHI"
" Ski Jumping",JPN,"Taku TAKEUCHI"
" Ski Jumping",JPN,"Yuka SETO"
" Ski Jumping",JPN,"Yuki ITO"
" Snowboard",JPN,"Asami HIRONO"
" Snowboard",JPN,"Ayumu HIRANO"
" Snowboard",JPN,"Haruna MATSUMOTO"
