medalID,country,gold,silver,bronze,total
1,Australia,1,0,3,4
2,Austria,0,2,5,7
3,Belarus,4,4,4,12
4,Belgium,0,0,1,1
5,Canada,8,4,16,28
6,China,1,0,0,1
7,Croatia,1,0,1,2
8,Finland,1,0,2,3
9,France,7,8,5,20
10,Germany,7,8,4,19
11,Great Britain,1,4,2,7
12,Italy,2,2,1,5
13,Japan,3,4,3,10
14,Kazakhstan,1,0,0,1
15,Netherlands,3,3,1,7
16,New Zealand,1,0,2,3
17,Norway,1,3,4,8
18,NPA,8,10,6,24
19,Poland,0,0,1,1
20,Republic of Korea,1,0,2,3
21,Slovakia,6,4,1,11
22,Spain,0,1,1,2
23,Sweden,0,1,0,1
24,Switzerland,3,0,0,3
25,Ukraine,7,7,8,22
26,United States,13,15,8,36